FAW,Healthy,MLB,MLN,MSV,filename
0,0,1,0,0,test_1.jpg
0,1,0,0,0,test_10.jpg
0,0,0,0,1,test_100.jpg
0,1,0,0,0,test_1000.jpg
0,0,0,1,0,test_1001.jpg
0,1,0,0,0,test_1002.jpg
0,1,0,0,0,test_1003.jpg
0,1,0,0,0,test_1004.jpg
0,0,1,0,0,test_1005.jpg
0,0,0,1,0,test_1006.jpg
0,0,1,0,0,test_1007.jpg
0,0,1,0,0,test_1008.jpg
0,0,0,0,1,test_1009.jpg
0,1,0,0,0,test_101.jpg
0,0,0,1,0,test_1010.jpg
0,0,0,0,1,test_1011.jpg
0,0,0,0,1,test_1012.jpg
0,0,0,0,1,test_1013.jpg
0,0,0,0,1,test_1014.jpg
0,0,0,0,1,test_1015.jpg
0,0,0,1,0,test_1016.jpg
0,0,1,0,0,test_1017.jpg
0,0,0,0,1,test_1018.jpg
0,1,0,0,0,test_1019.jpg
0,1,0,0,0,test_102.jpg
0,1,0,0,0,test_1020.jpg
0,1,0,0,0,test_1021.jpg
0,1,0,0,0,test_1022.jpg
0,0,0,0,1,test_1023.jpg
0,0,0,0,1,test_1024.jpg
1,0,0,0,0,test_1025.jpg
0,0,0,1,0,test_1026.jpg
0,1,0,0,0,test_1027.jpg
0,0,0,0,1,test_1028.jpg
0,0,1,0,0,test_1029.jpg
0,1,0,0,0,test_103.jpg
0,0,0,0,1,test_1030.jpg
0,1,0,0,0,test_1031.jpg
0,1,0,0,0,test_1032.jpg
0,1,0,0,0,test_1033.jpg
0,0,0,1,0,test_1034.jpg
0,0,0,0,1,test_1035.jpg
0,1,0,0,0,test_1036.jpg
0,1,0,0,0,test_1037.jpg
0,0,1,0,0,test_1038.jpg
0,1,0,0,0,test_1039.jpg
0,1,0,0,0,test_104.jpg
0,0,1,0,0,test_1040.jpg
0,1,0,0,0,test_1041.jpg
0,0,0,0,1,test_1042.jpg
0,1,0,0,0,test_1043.jpg
0,0,0,0,1,test_1044.jpg
0,1,0,0,0,test_1045.jpg
0,0,1,0,0,test_1046.jpg
0,0,0,0,1,test_1047.jpg
0,0,1,0,0,test_1048.jpg
0,0,1,0,0,test_1049.jpg
0,1,0,0,0,test_105.jpg
0,0,0,0,1,test_1050.jpg
0,0,1,0,0,test_1051.jpg
0,0,0,1,0,test_1052.jpg
0,1,0,0,0,test_1053.jpg
0,0,0,0,1,test_1054.jpg
0,1,0,0,0,test_1055.jpg
0,1,0,0,0,test_1056.jpg
0,0,0,1,0,test_1057.jpg
0,1,0,0,0,test_1058.jpg
0,0,0,0,1,test_1059.jpg
0,1,0,0,0,test_106.jpg
0,0,1,0,0,test_1060.jpg
0,0,0,0,1,test_1061.jpg
0,0,0,1,0,test_1062.jpg
1,0,0,0,0,test_1063.jpg
0,0,1,0,0,test_1064.jpg
0,1,0,0,0,test_1065.jpg
0,0,0,0,1,test_1066.jpg
0,0,0,0,1,test_1067.jpg
0,0,0,0,1,test_1068.jpg
0,0,1,0,0,test_1069.jpg
0,0,0,0,1,test_107.jpg
0,0,1,0,0,test_1070.jpg
0,1,0,0,0,test_1071.jpg
0,0,1,0,0,test_1072.jpg
0,0,0,0,1,test_1073.jpg
0,0,0,1,0,test_1074.jpg
0,1,0,0,0,test_1075.jpg
1,0,0,0,0,test_1076.jpg
0,1,0,0,0,test_1077.jpg
0,0,0,0,1,test_1078.jpg
0,0,0,0,1,test_1079.jpg
0,0,0,1,0,test_108.jpg
0,0,0,0,1,test_1080.jpg
1,0,0,0,0,test_1081.jpg
0,1,0,0,0,test_1082.jpg
0,0,0,0,1,test_1083.jpg
0,1,0,0,0,test_1084.jpg
0,1,0,0,0,test_1085.jpg
0,1,0,0,0,test_1086.jpg
0,0,0,0,1,test_1087.jpg
0,0,0,1,0,test_1088.jpg
0,0,0,0,1,test_1089.jpg
1,0,0,0,0,test_109.jpg
0,1,0,0,0,test_1090.jpg
1,0,0,0,0,test_1091.jpg
0,1,0,0,0,test_1092.jpg
1,0,0,0,0,test_1093.jpg
0,0,1,0,0,test_1094.jpg
0,0,0,0,1,test_1095.jpg
1,0,0,0,0,test_1096.jpg
0,0,1,0,0,test_1097.jpg
0,1,0,0,0,test_1098.jpg
0,0,1,0,0,test_1099.jpg
0,0,0,0,1,test_11.jpg
0,0,1,0,0,test_110.jpg
0,0,0,0,1,test_1100.jpg
0,1,0,0,0,test_1101.jpg
0,0,0,0,1,test_1102.jpg
0,0,0,0,1,test_1103.jpg
0,1,0,0,0,test_1104.jpg
0,0,0,0,1,test_1105.jpg
0,1,0,0,0,test_1106.jpg
0,0,1,0,0,test_1107.jpg
0,0,1,0,0,test_1108.jpg
0,0,1,0,0,test_1109.jpg
0,1,0,0,0,test_111.jpg
0,0,1,0,0,test_1110.jpg
0,0,0,1,0,test_1111.jpg
0,0,0,0,1,test_1112.jpg
0,0,0,0,1,test_1113.jpg
0,0,0,0,1,test_1114.jpg
0,1,0,0,0,test_1115.jpg
0,0,0,0,1,test_1116.jpg
0,0,1,0,0,test_1117.jpg
0,0,0,0,1,test_1118.jpg
0,0,0,0,1,test_1119.jpg
0,0,0,0,1,test_112.jpg
1,0,0,0,0,test_1120.jpg
0,1,0,0,0,test_1121.jpg
0,0,0,0,1,test_1122.jpg
0,0,1,0,0,test_1123.jpg
0,1,0,0,0,test_1124.jpg
0,0,0,0,1,test_1125.jpg
0,0,0,0,1,test_1126.jpg
0,1,0,0,0,test_1127.jpg
0,1,0,0,0,test_1128.jpg
0,0,0,0,1,test_1129.jpg
0,0,1,0,0,test_113.jpg
0,1,0,0,0,test_1130.jpg
0,0,1,0,0,test_1131.jpg
0,0,0,0,1,test_1132.jpg
0,1,0,0,0,test_1133.jpg
0,0,0,1,0,test_1134.jpg
0,0,1,0,0,test_1135.jpg
0,0,1,0,0,test_1136.jpg
0,1,0,0,0,test_1137.jpg
0,0,0,0,1,test_1138.jpg
0,0,1,0,0,test_1139.jpg
0,0,0,0,1,test_114.jpg
0,1,0,0,0,test_1140.jpg
0,0,0,1,0,test_1141.jpg
0,1,0,0,0,test_1142.jpg
0,1,0,0,0,test_1143.jpg
0,0,0,0,1,test_1144.jpg
0,1,0,0,0,test_1145.jpg
0,1,0,0,0,test_1146.jpg
0,0,0,0,1,test_1147.jpg
0,0,0,0,1,test_1148.jpg
0,1,0,0,0,test_1149.jpg
0,0,0,0,1,test_115.jpg
0,1,0,0,0,test_1150.jpg
0,1,0,0,0,test_1151.jpg
0,0,1,0,0,test_1152.jpg
0,0,0,1,0,test_1153.jpg
0,1,0,0,0,test_1154.jpg
0,0,0,0,1,test_1155.jpg
0,0,1,0,0,test_1156.jpg
0,0,1,0,0,test_1157.jpg
0,1,0,0,0,test_1158.jpg
0,0,0,0,1,test_1159.jpg
0,0,0,0,1,test_116.jpg
0,0,0,1,0,test_1160.jpg
0,0,0,1,0,test_1161.jpg
0,0,1,0,0,test_1162.jpg
0,0,0,0,1,test_1163.jpg
0,1,0,0,0,test_1164.jpg
0,0,1,0,0,test_1165.jpg
0,1,0,0,0,test_1166.jpg
0,0,0,0,1,test_1167.jpg
0,0,1,0,0,test_1168.jpg
0,1,0,0,0,test_1169.jpg
0,1,0,0,0,test_117.jpg
0,1,0,0,0,test_1170.jpg
0,0,0,0,1,test_1171.jpg
0,0,0,0,1,test_1172.jpg
0,1,0,0,0,test_1173.jpg
0,1,0,0,0,test_1174.jpg
0,0,0,0,1,test_1175.jpg
0,1,0,0,0,test_1176.jpg
0,0,0,1,0,test_1177.jpg
0,1,0,0,0,test_1178.jpg
0,1,0,0,0,test_1179.jpg
0,0,0,0,1,test_118.jpg
0,0,0,0,1,test_1180.jpg
0,1,0,0,0,test_1181.jpg
0,0,0,0,1,test_1182.jpg
0,0,0,0,1,test_1183.jpg
0,1,0,0,0,test_1184.jpg
0,0,0,0,1,test_1185.jpg
0,0,1,0,0,test_1186.jpg
0,1,0,0,0,test_1187.jpg
0,0,0,0,1,test_1188.jpg
0,0,0,0,1,test_1189.jpg
0,0,0,0,1,test_119.jpg
0,1,0,0,0,test_1190.jpg
0,0,1,0,0,test_1191.jpg
0,0,0,0,1,test_1192.jpg
0,1,0,0,0,test_1193.jpg
0,1,0,0,0,test_1194.jpg
0,0,0,1,0,test_1195.jpg
0,1,0,0,0,test_1196.jpg
0,0,0,1,0,test_1197.jpg
0,0,0,1,0,test_1198.jpg
0,0,0,0,1,test_1199.jpg
0,1,0,0,0,test_12.jpg
0,0,0,0,1,test_120.jpg
0,0,0,0,1,test_1200.jpg
0,0,1,0,0,test_1201.jpg
0,0,0,0,1,test_1202.jpg
0,1,0,0,0,test_1203.jpg
0,1,0,0,0,test_1204.jpg
0,1,0,0,0,test_1205.jpg
0,0,0,0,1,test_1206.jpg
0,0,0,0,1,test_1207.jpg
0,0,0,0,1,test_1208.jpg
0,0,0,0,1,test_1209.jpg
0,1,0,0,0,test_121.jpg
0,0,0,0,1,test_1210.jpg
0,1,0,0,0,test_1211.jpg
0,0,0,0,1,test_1212.jpg
0,0,0,1,0,test_1213.jpg
0,1,0,0,0,test_1214.jpg
0,0,0,0,1,test_1215.jpg
0,1,0,0,0,test_1216.jpg
0,1,0,0,0,test_1217.jpg
0,1,0,0,0,test_1218.jpg
0,1,0,0,0,test_1219.jpg
0,1,0,0,0,test_122.jpg
0,0,0,0,1,test_1220.jpg
0,0,0,0,1,test_1221.jpg
0,0,0,0,1,test_1222.jpg
0,0,0,0,1,test_1223.jpg
1,0,0,0,0,test_1224.jpg
0,0,0,0,1,test_1225.jpg
0,1,0,0,0,test_1226.jpg
0,0,0,0,1,test_1227.jpg
0,1,0,0,0,test_1228.jpg
0,0,0,1,0,test_1229.jpg
0,0,0,1,0,test_123.jpg
0,1,0,0,0,test_1230.jpg
0,1,0,0,0,test_1231.jpg
0,0,0,0,1,test_1232.jpg
0,0,1,0,0,test_1233.jpg
0,0,0,0,1,test_1234.jpg
0,1,0,0,0,test_1235.jpg
0,1,0,0,0,test_1236.jpg
0,1,0,0,0,test_1237.jpg
0,1,0,0,0,test_1238.jpg
0,1,0,0,0,test_1239.jpg
0,0,0,1,0,test_124.jpg
0,0,0,0,1,test_1240.jpg
0,0,0,0,1,test_1241.jpg
0,0,1,0,0,test_1242.jpg
0,0,0,0,1,test_1243.jpg
0,0,0,0,1,test_1244.jpg
0,0,0,0,1,test_1245.jpg
0,0,0,0,1,test_1246.jpg
0,0,0,0,1,test_1247.jpg
0,0,0,0,1,test_1248.jpg
0,1,0,0,0,test_1249.jpg
0,1,0,0,0,test_125.jpg
0,1,0,0,0,test_1250.jpg
0,0,0,1,0,test_1251.jpg
0,0,1,0,0,test_1252.jpg
0,0,0,0,1,test_1253.jpg
0,1,0,0,0,test_1254.jpg
0,0,0,0,1,test_1255.jpg
0,0,1,0,0,test_1256.jpg
0,0,0,1,0,test_1257.jpg
1,0,0,0,0,test_1258.jpg
0,0,0,0,1,test_1259.jpg
0,0,0,1,0,test_126.jpg
0,0,1,0,0,test_1260.jpg
0,0,0,0,1,test_1261.jpg
0,0,1,0,0,test_1262.jpg
0,0,0,0,1,test_1263.jpg
0,1,0,0,0,test_1264.jpg
0,0,0,0,1,test_1265.jpg
0,0,0,0,1,test_1266.jpg
0,0,0,0,1,test_1267.jpg
0,1,0,0,0,test_1268.jpg
0,0,1,0,0,test_1269.jpg
0,0,0,0,1,test_127.jpg
0,0,1,0,0,test_1270.jpg
0,0,0,1,0,test_1271.jpg
0,1,0,0,0,test_1272.jpg
0,1,0,0,0,test_1273.jpg
0,1,0,0,0,test_1274.jpg
0,0,0,0,1,test_1275.jpg
0,1,0,0,0,test_1276.jpg
0,0,0,0,1,test_1277.jpg
0,1,0,0,0,test_1278.jpg
0,0,0,0,1,test_1279.jpg
0,0,0,0,1,test_128.jpg
0,0,0,1,0,test_1280.jpg
0,0,0,1,0,test_1281.jpg
0,1,0,0,0,test_1282.jpg
0,0,0,0,1,test_1283.jpg
0,0,0,1,0,test_1284.jpg
0,0,0,0,1,test_1285.jpg
0,0,0,0,1,test_1286.jpg
0,0,0,0,1,test_1287.jpg
0,1,0,0,0,test_1288.jpg
0,0,0,0,1,test_1289.jpg
0,0,0,0,1,test_129.jpg
0,0,0,1,0,test_1290.jpg
0,0,0,1,0,test_1291.jpg
0,0,1,0,0,test_1292.jpg
0,1,0,0,0,test_1293.jpg
0,0,1,0,0,test_1294.jpg
0,0,1,0,0,test_1295.jpg
1,0,0,0,0,test_1296.jpg
0,0,0,0,1,test_1297.jpg
0,0,0,0,1,test_1298.jpg
0,1,0,0,0,test_1299.jpg
0,0,0,1,0,test_13.jpg
0,0,0,0,1,test_130.jpg
0,1,0,0,0,test_1300.jpg
0,0,0,0,1,test_1301.jpg
0,0,0,0,1,test_1302.jpg
0,1,0,0,0,test_1303.jpg
0,0,0,0,1,test_1304.jpg
0,0,0,0,1,test_1305.jpg
0,1,0,0,0,test_1306.jpg
0,0,0,0,1,test_1307.jpg
0,1,0,0,0,test_1308.jpg
1,0,0,0,0,test_1309.jpg
0,0,1,0,0,test_131.jpg
0,0,0,0,1,test_1310.jpg
0,1,0,0,0,test_1311.jpg
0,0,1,0,0,test_1312.jpg
0,1,0,0,0,test_1313.jpg
0,1,0,0,0,test_1314.jpg
0,1,0,0,0,test_1315.jpg
0,0,0,1,0,test_1316.jpg
0,0,0,0,1,test_1317.jpg
0,0,1,0,0,test_1318.jpg
0,1,0,0,0,test_1319.jpg
0,0,0,0,1,test_132.jpg
0,0,0,0,1,test_1320.jpg
0,0,0,0,1,test_1321.jpg
0,1,0,0,0,test_1322.jpg
0,0,0,0,1,test_1323.jpg
0,1,0,0,0,test_1324.jpg
0,0,0,0,1,test_1325.jpg
0,0,0,0,1,test_1326.jpg
0,0,0,0,1,test_1327.jpg
0,0,0,0,1,test_1328.jpg
0,1,0,0,0,test_1329.jpg
0,0,0,0,1,test_133.jpg
0,0,0,1,0,test_1330.jpg
0,0,0,1,0,test_1331.jpg
0,1,0,0,0,test_1332.jpg
0,0,0,0,1,test_1333.jpg
0,1,0,0,0,test_1334.jpg
0,0,1,0,0,test_1335.jpg
0,0,0,0,1,test_1336.jpg
0,0,0,1,0,test_1337.jpg
0,0,0,0,1,test_1338.jpg
0,1,0,0,0,test_1339.jpg
0,0,0,0,1,test_134.jpg
0,1,0,0,0,test_1340.jpg
0,1,0,0,0,test_1341.jpg
0,1,0,0,0,test_1342.jpg
0,1,0,0,0,test_1343.jpg
0,1,0,0,0,test_1344.jpg
0,0,1,0,0,test_1345.jpg
0,1,0,0,0,test_1346.jpg
0,1,0,0,0,test_1347.jpg
0,1,0,0,0,test_1348.jpg
0,1,0,0,0,test_1349.jpg
0,0,0,0,1,test_135.jpg
0,1,0,0,0,test_1350.jpg
0,0,0,0,1,test_1351.jpg
0,0,0,0,1,test_1352.jpg
0,0,1,0,0,test_1353.jpg
0,0,0,0,1,test_1354.jpg
0,1,0,0,0,test_1355.jpg
0,0,1,0,0,test_1356.jpg
0,1,0,0,0,test_1357.jpg
0,0,1,0,0,test_1358.jpg
0,1,0,0,0,test_1359.jpg
0,0,0,1,0,test_136.jpg
0,0,0,0,1,test_1360.jpg
0,0,0,1,0,test_1361.jpg
0,0,0,1,0,test_1362.jpg
0,0,0,0,1,test_1363.jpg
0,0,1,0,0,test_1364.jpg
0,0,0,1,0,test_1365.jpg
0,1,0,0,0,test_1366.jpg
0,0,1,0,0,test_1367.jpg
0,0,0,0,1,test_1368.jpg
0,1,0,0,0,test_1369.jpg
0,1,0,0,0,test_137.jpg
0,1,0,0,0,test_1370.jpg
0,0,0,0,1,test_1371.jpg
0,1,0,0,0,test_1372.jpg
0,1,0,0,0,test_1373.jpg
0,0,1,0,0,test_1374.jpg
0,0,1,0,0,test_1375.jpg
0,0,1,0,0,test_1376.jpg
0,0,0,0,1,test_1377.jpg
0,0,0,0,1,test_1378.jpg
0,0,0,1,0,test_1379.jpg
0,0,0,0,1,test_138.jpg
0,0,0,0,1,test_1380.jpg
0,0,1,0,0,test_1381.jpg
0,0,0,0,1,test_1382.jpg
0,1,0,0,0,test_1383.jpg
0,0,0,0,1,test_1384.jpg
1,0,0,0,0,test_1385.jpg
0,0,1,0,0,test_1386.jpg
0,0,0,0,1,test_1387.jpg
0,0,1,0,0,test_1388.jpg
0,0,1,0,0,test_1389.jpg
0,1,0,0,0,test_139.jpg
0,0,1,0,0,test_1390.jpg
0,0,0,0,1,test_1391.jpg
0,0,0,0,1,test_1392.jpg
0,1,0,0,0,test_1393.jpg
0,0,0,1,0,test_1394.jpg
0,0,1,0,0,test_1395.jpg
0,0,0,0,1,test_1396.jpg
0,1,0,0,0,test_1397.jpg
0,1,0,0,0,test_1398.jpg
0,0,0,0,1,test_1399.jpg
0,1,0,0,0,test_14.jpg
0,0,0,0,1,test_140.jpg
0,1,0,0,0,test_1400.jpg
0,0,1,0,0,test_1401.jpg
0,0,0,1,0,test_1402.jpg
0,1,0,0,0,test_1403.jpg
0,0,0,0,1,test_1404.jpg
0,0,0,0,1,test_1405.jpg
0,1,0,0,0,test_1406.jpg
0,1,0,0,0,test_1407.jpg
0,1,0,0,0,test_1408.jpg
0,1,0,0,0,test_1409.jpg
0,0,0,0,1,test_141.jpg
0,1,0,0,0,test_1410.jpg
0,1,0,0,0,test_1411.jpg
0,0,0,0,1,test_1412.jpg
0,1,0,0,0,test_1413.jpg
0,1,0,0,0,test_1414.jpg
0,0,0,0,1,test_1415.jpg
0,1,0,0,0,test_1416.jpg
0,0,0,0,1,test_1417.jpg
0,0,0,1,0,test_1418.jpg
0,1,0,0,0,test_1419.jpg
0,0,0,0,1,test_142.jpg
0,0,0,0,1,test_1420.jpg
0,0,0,0,1,test_1421.jpg
0,0,0,1,0,test_1422.jpg
0,0,1,0,0,test_1423.jpg
0,0,0,0,1,test_1424.jpg
0,1,0,0,0,test_1425.jpg
0,0,0,0,1,test_1426.jpg
0,0,0,0,1,test_1427.jpg
0,0,1,0,0,test_1428.jpg
0,1,0,0,0,test_1429.jpg
0,1,0,0,0,test_143.jpg
0,0,0,1,0,test_1430.jpg
0,0,0,1,0,test_1431.jpg
0,1,0,0,0,test_1432.jpg
0,0,0,0,1,test_1433.jpg
0,0,0,0,1,test_1434.jpg
0,1,0,0,0,test_1435.jpg
0,0,0,0,1,test_1436.jpg
0,1,0,0,0,test_1437.jpg
0,0,0,0,1,test_1438.jpg
0,1,0,0,0,test_1439.jpg
0,0,0,0,1,test_144.jpg
0,0,0,0,1,test_1440.jpg
0,0,1,0,0,test_1441.jpg
0,0,1,0,0,test_1442.jpg
0,0,0,1,0,test_1443.jpg
0,0,0,1,0,test_1444.jpg
0,1,0,0,0,test_1445.jpg
0,1,0,0,0,test_1446.jpg
0,1,0,0,0,test_1447.jpg
0,0,0,0,1,test_1448.jpg
0,1,0,0,0,test_1449.jpg
0,0,0,1,0,test_145.jpg
0,1,0,0,0,test_1450.jpg
0,0,1,0,0,test_1451.jpg
0,0,0,1,0,test_1452.jpg
0,0,0,0,1,test_1453.jpg
0,1,0,0,0,test_1454.jpg
0,1,0,0,0,test_1455.jpg
0,0,0,0,1,test_1456.jpg
0,1,0,0,0,test_1457.jpg
0,0,0,0,1,test_1458.jpg
0,0,0,0,1,test_1459.jpg
0,1,0,0,0,test_146.jpg
0,0,0,0,1,test_1460.jpg
0,0,0,0,1,test_1461.jpg
0,1,0,0,0,test_1462.jpg
0,1,0,0,0,test_1463.jpg
0,0,0,1,0,test_1464.jpg
0,0,0,0,1,test_1465.jpg
0,0,0,0,1,test_1466.jpg
0,1,0,0,0,test_1467.jpg
0,0,0,0,1,test_1468.jpg
1,0,0,0,0,test_1469.jpg
0,0,0,0,1,test_147.jpg
0,0,0,1,0,test_1470.jpg
0,1,0,0,0,test_1471.jpg
0,0,0,0,1,test_1472.jpg
1,0,0,0,0,test_1473.jpg
0,0,1,0,0,test_1474.jpg
0,0,0,0,1,test_1475.jpg
0,0,0,0,1,test_1476.jpg
0,1,0,0,0,test_1477.jpg
0,0,0,0,1,test_1478.jpg
0,0,0,0,1,test_1479.jpg
0,1,0,0,0,test_148.jpg
0,1,0,0,0,test_1480.jpg
0,1,0,0,0,test_1481.jpg
0,0,0,1,0,test_1482.jpg
0,0,0,1,0,test_1483.jpg
0,0,1,0,0,test_1484.jpg
0,1,0,0,0,test_1485.jpg
0,0,0,0,1,test_1486.jpg
0,0,1,0,0,test_1487.jpg
1,0,0,0,0,test_1488.jpg
0,0,1,0,0,test_1489.jpg
0,1,0,0,0,test_149.jpg
0,0,0,0,1,test_1490.jpg
0,0,0,1,0,test_1491.jpg
0,0,0,0,1,test_1492.jpg
0,1,0,0,0,test_1493.jpg
0,0,0,0,1,test_1494.jpg
0,0,0,0,1,test_1495.jpg
0,1,0,0,0,test_1496.jpg
0,0,1,0,0,test_1497.jpg
0,0,0,0,1,test_1498.jpg
0,0,0,1,0,test_1499.jpg
0,0,1,0,0,test_15.jpg
0,1,0,0,0,test_150.jpg
0,0,0,0,1,test_1500.jpg
0,1,0,0,0,test_1501.jpg
0,0,1,0,0,test_1502.jpg
0,0,1,0,0,test_1503.jpg
0,0,0,0,1,test_1504.jpg
0,0,1,0,0,test_1505.jpg
0,0,0,0,1,test_1506.jpg
0,0,0,0,1,test_1507.jpg
0,0,1,0,0,test_1508.jpg
0,0,1,0,0,test_1509.jpg
0,0,0,0,1,test_151.jpg
0,0,1,0,0,test_1510.jpg
0,1,0,0,0,test_1511.jpg
0,0,0,0,1,test_1512.jpg
0,0,0,0,1,test_1513.jpg
0,0,0,1,0,test_1514.jpg
0,1,0,0,0,test_1515.jpg
0,0,0,0,1,test_1516.jpg
0,1,0,0,0,test_1517.jpg
0,1,0,0,0,test_1518.jpg
1,0,0,0,0,test_1519.jpg
0,0,0,0,1,test_152.jpg
0,1,0,0,0,test_1520.jpg
0,1,0,0,0,test_1521.jpg
0,0,0,0,1,test_1522.jpg
0,1,0,0,0,test_1523.jpg
1,0,0,0,0,test_1524.jpg
1,0,0,0,0,test_1525.jpg
0,0,1,0,0,test_1526.jpg
0,1,0,0,0,test_1527.jpg
0,1,0,0,0,test_1528.jpg
0,1,0,0,0,test_1529.jpg
0,0,0,0,1,test_153.jpg
0,1,0,0,0,test_1530.jpg
0,0,0,0,1,test_1531.jpg
0,1,0,0,0,test_1532.jpg
0,1,0,0,0,test_1533.jpg
0,1,0,0,0,test_1534.jpg
0,0,0,1,0,test_1535.jpg
0,1,0,0,0,test_1536.jpg
0,0,0,0,1,test_1537.jpg
0,0,0,1,0,test_1538.jpg
0,0,1,0,0,test_1539.jpg
0,1,0,0,0,test_154.jpg
0,0,1,0,0,test_1540.jpg
0,0,1,0,0,test_1541.jpg
0,1,0,0,0,test_1542.jpg
0,1,0,0,0,test_1543.jpg
0,0,0,0,1,test_1544.jpg
0,1,0,0,0,test_1545.jpg
0,0,0,0,1,test_1546.jpg
0,0,1,0,0,test_1547.jpg
0,0,0,1,0,test_1548.jpg
0,0,1,0,0,test_1549.jpg
0,0,1,0,0,test_155.jpg
0,1,0,0,0,test_1550.jpg
0,1,0,0,0,test_1551.jpg
0,1,0,0,0,test_1552.jpg
0,0,0,0,1,test_1553.jpg
0,0,0,0,1,test_1554.jpg
0,1,0,0,0,test_1555.jpg
0,1,0,0,0,test_1556.jpg
0,0,0,0,1,test_1557.jpg
0,1,0,0,0,test_1558.jpg
0,0,0,1,0,test_1559.jpg
0,1,0,0,0,test_156.jpg
0,1,0,0,0,test_1560.jpg
0,0,0,0,1,test_1561.jpg
0,0,0,1,0,test_1562.jpg
0,0,0,0,1,test_1563.jpg
0,0,1,0,0,test_1564.jpg
0,1,0,0,0,test_1565.jpg
0,1,0,0,0,test_1566.jpg
0,1,0,0,0,test_1567.jpg
0,0,0,1,0,test_1568.jpg
0,0,0,0,1,test_1569.jpg
0,0,0,1,0,test_157.jpg
0,1,0,0,0,test_1570.jpg
0,0,0,1,0,test_1571.jpg
0,1,0,0,0,test_1572.jpg
0,0,0,0,1,test_1573.jpg
0,1,0,0,0,test_1574.jpg
0,0,0,0,1,test_1575.jpg
0,0,0,0,1,test_1576.jpg
0,1,0,0,0,test_1577.jpg
0,0,1,0,0,test_1578.jpg
0,0,0,0,1,test_1579.jpg
0,1,0,0,0,test_158.jpg
0,1,0,0,0,test_1580.jpg
0,1,0,0,0,test_1581.jpg
0,0,1,0,0,test_1582.jpg
0,1,0,0,0,test_1583.jpg
0,0,0,0,1,test_1584.jpg
0,0,0,0,1,test_1585.jpg
0,1,0,0,0,test_1586.jpg
0,0,0,0,1,test_1587.jpg
0,0,0,1,0,test_1588.jpg
0,1,0,0,0,test_1589.jpg
0,1,0,0,0,test_159.jpg
0,1,0,0,0,test_1590.jpg
0,0,1,0,0,test_1591.jpg
0,0,0,1,0,test_1592.jpg
0,0,0,0,1,test_1593.jpg
0,1,0,0,0,test_1594.jpg
0,0,1,0,0,test_1595.jpg
0,1,0,0,0,test_1596.jpg
0,1,0,0,0,test_1597.jpg
0,1,0,0,0,test_1598.jpg
0,0,0,0,1,test_1599.jpg
0,0,0,0,1,test_16.jpg
0,1,0,0,0,test_160.jpg
0,0,0,0,1,test_1600.jpg
0,0,0,0,1,test_1601.jpg
0,1,0,0,0,test_1602.jpg
0,0,0,0,1,test_1603.jpg
0,0,1,0,0,test_1604.jpg
0,1,0,0,0,test_1605.jpg
0,0,0,1,0,test_1606.jpg
0,0,1,0,0,test_1607.jpg
0,0,1,0,0,test_1608.jpg
0,0,0,0,1,test_1609.jpg
0,0,0,1,0,test_161.jpg
0,0,0,1,0,test_1610.jpg
0,1,0,0,0,test_1611.jpg
0,0,0,0,1,test_1612.jpg
0,0,1,0,0,test_1613.jpg
0,0,0,0,1,test_1614.jpg
0,1,0,0,0,test_1615.jpg
0,1,0,0,0,test_1616.jpg
0,1,0,0,0,test_1617.jpg
0,0,1,0,0,test_1618.jpg
0,1,0,0,0,test_1619.jpg
0,1,0,0,0,test_162.jpg
0,0,0,0,1,test_1620.jpg
0,0,0,1,0,test_1621.jpg
0,0,0,1,0,test_1622.jpg
0,0,1,0,0,test_1623.jpg
0,0,0,0,1,test_1624.jpg
0,0,1,0,0,test_1625.jpg
0,1,0,0,0,test_1626.jpg
0,1,0,0,0,test_1627.jpg
0,0,0,1,0,test_1628.jpg
0,0,1,0,0,test_1629.jpg
0,0,1,0,0,test_163.jpg
0,0,0,0,1,test_1630.jpg
0,0,1,0,0,test_1631.jpg
0,0,0,1,0,test_1632.jpg
0,1,0,0,0,test_1633.jpg
0,0,0,0,1,test_1634.jpg
0,0,1,0,0,test_1635.jpg
0,0,0,0,1,test_1636.jpg
0,1,0,0,0,test_1637.jpg
0,0,0,0,1,test_1638.jpg
0,1,0,0,0,test_1639.jpg
0,0,0,1,0,test_164.jpg
0,0,0,1,0,test_1640.jpg
0,0,1,0,0,test_1641.jpg
0,0,0,0,1,test_1642.jpg
0,0,0,1,0,test_1643.jpg
0,1,0,0,0,test_1644.jpg
0,0,1,0,0,test_1645.jpg
0,0,0,0,1,test_1646.jpg
0,0,0,0,1,test_1647.jpg
0,0,0,0,1,test_1648.jpg
0,0,0,0,1,test_1649.jpg
0,1,0,0,0,test_165.jpg
1,0,0,0,0,test_1650.jpg
0,1,0,0,0,test_1651.jpg
0,0,0,0,1,test_1652.jpg
0,1,0,0,0,test_1653.jpg
0,1,0,0,0,test_1654.jpg
0,0,0,0,1,test_1655.jpg
0,0,0,1,0,test_1656.jpg
0,1,0,0,0,test_1657.jpg
0,1,0,0,0,test_1658.jpg
0,1,0,0,0,test_1659.jpg
0,1,0,0,0,test_166.jpg
0,0,0,0,1,test_1660.jpg
0,1,0,0,0,test_1661.jpg
0,1,0,0,0,test_1662.jpg
1,0,0,0,0,test_1663.jpg
0,0,0,1,0,test_1664.jpg
0,0,1,0,0,test_1665.jpg
0,0,1,0,0,test_1666.jpg
0,0,0,1,0,test_1667.jpg
0,0,0,0,1,test_1668.jpg
0,0,0,0,1,test_1669.jpg
0,1,0,0,0,test_167.jpg
0,0,0,1,0,test_1670.jpg
0,0,0,0,1,test_1671.jpg
0,0,0,0,1,test_1672.jpg
0,1,0,0,0,test_1673.jpg
0,0,0,0,1,test_1674.jpg
0,0,0,0,1,test_1675.jpg
0,0,0,1,0,test_1676.jpg
0,0,0,0,1,test_1677.jpg
0,1,0,0,0,test_1678.jpg
0,0,1,0,0,test_1679.jpg
0,0,0,0,1,test_168.jpg
0,0,0,0,1,test_1680.jpg
0,0,0,0,1,test_1681.jpg
0,0,1,0,0,test_1682.jpg
0,1,0,0,0,test_1683.jpg
0,1,0,0,0,test_1684.jpg
0,0,1,0,0,test_1685.jpg
0,0,1,0,0,test_1686.jpg
0,0,0,0,1,test_1687.jpg
0,1,0,0,0,test_1688.jpg
0,0,0,0,1,test_1689.jpg
0,1,0,0,0,test_169.jpg
0,0,0,1,0,test_1690.jpg
0,0,0,0,1,test_1691.jpg
0,1,0,0,0,test_1692.jpg
0,1,0,0,0,test_1693.jpg
0,1,0,0,0,test_1694.jpg
0,0,0,0,1,test_1695.jpg
0,0,0,0,1,test_1696.jpg
0,1,0,0,0,test_1697.jpg
0,1,0,0,0,test_1698.jpg
0,0,0,0,1,test_1699.jpg
0,1,0,0,0,test_17.jpg
0,1,0,0,0,test_170.jpg
0,0,0,0,1,test_1700.jpg
0,0,0,1,0,test_1701.jpg
0,1,0,0,0,test_1702.jpg
0,0,0,0,1,test_1703.jpg
0,0,0,0,1,test_1704.jpg
0,0,1,0,0,test_1705.jpg
0,0,0,0,1,test_1706.jpg
0,0,0,1,0,test_1707.jpg
0,0,0,0,1,test_1708.jpg
0,1,0,0,0,test_1709.jpg
0,1,0,0,0,test_171.jpg
0,0,0,0,1,test_1710.jpg
0,0,0,0,1,test_1711.jpg
0,0,1,0,0,test_1712.jpg
0,1,0,0,0,test_1713.jpg
0,0,0,0,1,test_1714.jpg
0,0,0,0,1,test_1715.jpg
0,0,0,0,1,test_1716.jpg
0,1,0,0,0,test_1717.jpg
1,0,0,0,0,test_1718.jpg
0,1,0,0,0,test_1719.jpg
0,1,0,0,0,test_172.jpg
0,0,0,1,0,test_1720.jpg
0,0,0,0,1,test_1721.jpg
0,0,0,0,1,test_1722.jpg
0,0,0,0,1,test_1723.jpg
0,1,0,0,0,test_1724.jpg
0,1,0,0,0,test_1725.jpg
0,0,0,0,1,test_1726.jpg
0,0,1,0,0,test_1727.jpg
0,0,0,0,1,test_1728.jpg
0,0,1,0,0,test_1729.jpg
0,0,1,0,0,test_173.jpg
0,0,0,1,0,test_1730.jpg
0,1,0,0,0,test_1731.jpg
0,0,1,0,0,test_1732.jpg
0,0,0,0,1,test_1733.jpg
0,0,1,0,0,test_1734.jpg
0,0,1,0,0,test_1735.jpg
0,0,0,0,1,test_1736.jpg
1,0,0,0,0,test_1737.jpg
0,0,0,0,1,test_1738.jpg
0,0,0,0,1,test_1739.jpg
0,1,0,0,0,test_174.jpg
0,1,0,0,0,test_1740.jpg
0,1,0,0,0,test_1741.jpg
0,0,0,0,1,test_1742.jpg
0,0,0,0,1,test_1743.jpg
0,0,1,0,0,test_1744.jpg
0,0,0,0,1,test_1745.jpg
0,0,0,0,1,test_1746.jpg
0,0,0,0,1,test_1747.jpg
0,0,1,0,0,test_1748.jpg
0,1,0,0,0,test_1749.jpg
0,0,0,0,1,test_175.jpg
0,0,0,1,0,test_1750.jpg
0,0,1,0,0,test_1751.jpg
0,0,0,0,1,test_1752.jpg
0,0,0,0,1,test_1753.jpg
0,0,0,1,0,test_1754.jpg
0,1,0,0,0,test_1755.jpg
0,0,0,0,1,test_1756.jpg
0,0,0,0,1,test_1757.jpg
0,1,0,0,0,test_1758.jpg
0,1,0,0,0,test_1759.jpg
0,0,1,0,0,test_176.jpg
0,0,0,0,1,test_1760.jpg
0,0,0,1,0,test_1761.jpg
0,1,0,0,0,test_1762.jpg
0,0,0,0,1,test_1763.jpg
0,0,1,0,0,test_1764.jpg
0,0,0,0,1,test_1765.jpg
0,0,1,0,0,test_1766.jpg
0,1,0,0,0,test_1767.jpg
0,1,0,0,0,test_1768.jpg
0,0,0,1,0,test_1769.jpg
0,0,0,0,1,test_177.jpg
0,0,0,0,1,test_1770.jpg
0,0,0,1,0,test_1771.jpg
0,0,0,1,0,test_1772.jpg
0,0,1,0,0,test_1773.jpg
0,0,0,1,0,test_1774.jpg
1,0,0,0,0,test_1775.jpg
0,1,0,0,0,test_1776.jpg
0,1,0,0,0,test_1777.jpg
0,1,0,0,0,test_1778.jpg
0,1,0,0,0,test_1779.jpg
0,1,0,0,0,test_178.jpg
0,1,0,0,0,test_1780.jpg
0,0,0,0,1,test_1781.jpg
0,1,0,0,0,test_1782.jpg
0,1,0,0,0,test_1783.jpg
0,0,0,0,1,test_1784.jpg
0,0,0,0,1,test_1785.jpg
0,0,1,0,0,test_1786.jpg
0,0,0,0,1,test_1787.jpg
0,0,1,0,0,test_1788.jpg
0,0,1,0,0,test_1789.jpg
0,0,0,0,1,test_179.jpg
0,0,0,0,1,test_1790.jpg
0,1,0,0,0,test_1791.jpg
0,0,0,1,0,test_1792.jpg
0,1,0,0,0,test_1793.jpg
0,0,1,0,0,test_1794.jpg
0,1,0,0,0,test_1795.jpg
0,0,0,0,1,test_1796.jpg
0,0,0,0,1,test_1797.jpg
0,1,0,0,0,test_1798.jpg
0,0,0,0,1,test_1799.jpg
0,0,0,0,1,test_18.jpg
0,1,0,0,0,test_180.jpg
0,0,0,0,1,test_1800.jpg
0,1,0,0,0,test_1801.jpg
0,0,0,0,1,test_1802.jpg
0,0,0,1,0,test_1803.jpg
0,0,0,0,1,test_1804.jpg
0,0,0,1,0,test_1805.jpg
0,0,0,0,1,test_1806.jpg
0,0,0,0,1,test_1807.jpg
0,0,1,0,0,test_1808.jpg
0,1,0,0,0,test_1809.jpg
0,0,0,0,1,test_181.jpg
0,0,1,0,0,test_1810.jpg
0,0,0,0,1,test_1811.jpg
0,0,1,0,0,test_1812.jpg
0,1,0,0,0,test_1813.jpg
0,0,1,0,0,test_1814.jpg
0,1,0,0,0,test_1815.jpg
0,0,0,0,1,test_1816.jpg
0,1,0,0,0,test_1817.jpg
0,1,0,0,0,test_1818.jpg
0,0,0,0,1,test_1819.jpg
0,0,0,0,1,test_182.jpg
0,0,0,0,1,test_1820.jpg
0,0,1,0,0,test_1821.jpg
0,1,0,0,0,test_1822.jpg
0,0,1,0,0,test_1823.jpg
0,0,0,1,0,test_1824.jpg
0,0,0,0,1,test_1825.jpg
0,1,0,0,0,test_1826.jpg
0,0,1,0,0,test_1827.jpg
0,0,0,0,1,test_1828.jpg
0,0,0,0,1,test_1829.jpg
0,0,1,0,0,test_183.jpg
0,1,0,0,0,test_1830.jpg
0,0,0,0,1,test_1831.jpg
0,1,0,0,0,test_1832.jpg
0,0,1,0,0,test_1833.jpg
0,0,0,0,1,test_1834.jpg
0,1,0,0,0,test_1835.jpg
0,0,0,0,1,test_1836.jpg
0,0,0,1,0,test_1837.jpg
0,0,0,1,0,test_1838.jpg
0,0,1,0,0,test_1839.jpg
0,1,0,0,0,test_184.jpg
0,0,0,1,0,test_1840.jpg
0,1,0,0,0,test_1841.jpg
0,0,0,1,0,test_1842.jpg
0,0,0,0,1,test_1843.jpg
0,0,0,0,1,test_1844.jpg
0,0,0,0,1,test_1845.jpg
0,1,0,0,0,test_1846.jpg
0,0,1,0,0,test_1847.jpg
0,0,0,0,1,test_1848.jpg
0,0,0,0,1,test_1849.jpg
0,0,0,0,1,test_185.jpg
0,1,0,0,0,test_1850.jpg
0,1,0,0,0,test_1851.jpg
0,0,0,0,1,test_1852.jpg
0,1,0,0,0,test_1853.jpg
0,0,0,1,0,test_1854.jpg
0,0,0,0,1,test_1855.jpg
0,0,0,0,1,test_1856.jpg
0,1,0,0,0,test_1857.jpg
0,1,0,0,0,test_1858.jpg
0,0,1,0,0,test_1859.jpg
0,0,0,1,0,test_186.jpg
0,1,0,0,0,test_1860.jpg
0,0,0,0,1,test_1861.jpg
0,1,0,0,0,test_1862.jpg
0,1,0,0,0,test_1863.jpg
0,1,0,0,0,test_1864.jpg
0,1,0,0,0,test_1865.jpg
0,0,1,0,0,test_1866.jpg
0,0,0,0,1,test_1867.jpg
0,1,0,0,0,test_1868.jpg
0,1,0,0,0,test_1869.jpg
0,1,0,0,0,test_187.jpg
0,0,0,1,0,test_1870.jpg
0,0,0,1,0,test_1871.jpg
0,0,0,0,1,test_1872.jpg
0,0,0,1,0,test_1873.jpg
1,0,0,0,0,test_1874.jpg
0,0,0,0,1,test_1875.jpg
0,0,0,0,1,test_1876.jpg
0,1,0,0,0,test_1877.jpg
0,0,0,0,1,test_1878.jpg
0,0,0,1,0,test_1879.jpg
0,1,0,0,0,test_188.jpg
0,1,0,0,0,test_1880.jpg
0,1,0,0,0,test_1881.jpg
0,1,0,0,0,test_1882.jpg
0,1,0,0,0,test_1883.jpg
0,1,0,0,0,test_1884.jpg
0,1,0,0,0,test_1885.jpg
0,0,0,0,1,test_1886.jpg
0,1,0,0,0,test_1887.jpg
0,0,0,0,1,test_1888.jpg
0,0,0,0,1,test_1889.jpg
0,1,0,0,0,test_189.jpg
0,0,0,0,1,test_1890.jpg
0,0,1,0,0,test_1891.jpg
0,1,0,0,0,test_1892.jpg
0,0,1,0,0,test_1893.jpg
0,0,0,0,1,test_1894.jpg
0,1,0,0,0,test_1895.jpg
0,0,0,1,0,test_1896.jpg
0,1,0,0,0,test_1897.jpg
0,0,0,0,1,test_1898.jpg
0,0,1,0,0,test_1899.jpg
0,0,0,0,1,test_19.jpg
0,0,0,0,1,test_190.jpg
0,1,0,0,0,test_1900.jpg
0,0,1,0,0,test_1901.jpg
0,1,0,0,0,test_1902.jpg
0,1,0,0,0,test_1903.jpg
0,1,0,0,0,test_1904.jpg
0,0,0,1,0,test_1905.jpg
0,1,0,0,0,test_1906.jpg
0,1,0,0,0,test_1907.jpg
0,1,0,0,0,test_1908.jpg
0,1,0,0,0,test_1909.jpg
0,1,0,0,0,test_191.jpg
0,0,1,0,0,test_1910.jpg
0,0,0,0,1,test_1911.jpg
0,0,0,0,1,test_1912.jpg
0,1,0,0,0,test_1913.jpg
0,0,0,0,1,test_1914.jpg
0,0,0,0,1,test_1915.jpg
0,0,0,0,1,test_1916.jpg
0,1,0,0,0,test_1917.jpg
0,0,1,0,0,test_1918.jpg
0,0,0,0,1,test_1919.jpg
0,0,0,1,0,test_192.jpg
0,0,1,0,0,test_1920.jpg
0,0,0,0,1,test_1921.jpg
0,1,0,0,0,test_1922.jpg
0,0,0,0,1,test_1923.jpg
0,0,1,0,0,test_1924.jpg
0,1,0,0,0,test_1925.jpg
0,0,0,0,1,test_1926.jpg
0,1,0,0,0,test_1927.jpg
0,0,0,1,0,test_1928.jpg
0,0,0,1,0,test_1929.jpg
1,0,0,0,0,test_193.jpg
0,1,0,0,0,test_1930.jpg
0,0,0,0,1,test_1931.jpg
0,1,0,0,0,test_1932.jpg
1,0,0,0,0,test_1933.jpg
0,0,0,0,1,test_1934.jpg
0,1,0,0,0,test_1935.jpg
0,1,0,0,0,test_1936.jpg
0,1,0,0,0,test_1937.jpg
0,0,0,0,1,test_1938.jpg
0,0,1,0,0,test_1939.jpg
0,0,0,0,1,test_194.jpg
0,0,0,0,1,test_1940.jpg
0,0,1,0,0,test_1941.jpg
0,1,0,0,0,test_1942.jpg
0,0,0,0,1,test_1943.jpg
0,0,0,0,1,test_1944.jpg
0,1,0,0,0,test_1945.jpg
0,0,0,0,1,test_1946.jpg
0,0,0,0,1,test_1947.jpg
0,0,0,1,0,test_1948.jpg
0,0,0,0,1,test_1949.jpg
0,1,0,0,0,test_195.jpg
0,0,0,0,1,test_1950.jpg
0,1,0,0,0,test_1951.jpg
0,1,0,0,0,test_1952.jpg
0,0,0,0,1,test_1953.jpg
0,1,0,0,0,test_1954.jpg
0,1,0,0,0,test_1955.jpg
0,1,0,0,0,test_1956.jpg
0,0,0,1,0,test_1957.jpg
0,0,0,0,1,test_1958.jpg
0,1,0,0,0,test_1959.jpg
0,1,0,0,0,test_196.jpg
0,1,0,0,0,test_1960.jpg
0,1,0,0,0,test_1961.jpg
0,1,0,0,0,test_1962.jpg
0,1,0,0,0,test_1963.jpg
0,1,0,0,0,test_1964.jpg
0,0,0,0,1,test_1965.jpg
1,0,0,0,0,test_1966.jpg
0,0,0,1,0,test_1967.jpg
1,0,0,0,0,test_1968.jpg
0,1,0,0,0,test_1969.jpg
0,0,1,0,0,test_197.jpg
0,0,0,0,1,test_1970.jpg
0,0,1,0,0,test_1971.jpg
0,1,0,0,0,test_1972.jpg
0,0,1,0,0,test_1973.jpg
0,0,0,0,1,test_1974.jpg
1,0,0,0,0,test_1975.jpg
0,0,0,0,1,test_1976.jpg
0,0,1,0,0,test_1977.jpg
0,0,0,0,1,test_1978.jpg
0,1,0,0,0,test_1979.jpg
0,1,0,0,0,test_198.jpg
0,0,0,0,1,test_1980.jpg
0,1,0,0,0,test_1981.jpg
0,0,1,0,0,test_1982.jpg
0,0,0,1,0,test_1983.jpg
0,1,0,0,0,test_1984.jpg
0,0,0,1,0,test_1985.jpg
0,0,0,0,1,test_1986.jpg
0,0,0,1,0,test_1987.jpg
0,0,0,0,1,test_1988.jpg
0,0,1,0,0,test_1989.jpg
0,0,0,0,1,test_199.jpg
0,0,1,0,0,test_1990.jpg
0,1,0,0,0,test_1991.jpg
0,0,1,0,0,test_1992.jpg
0,0,0,0,1,test_1993.jpg
0,0,0,0,1,test_1994.jpg
0,0,0,0,1,test_1995.jpg
0,0,0,1,0,test_1996.jpg
1,0,0,0,0,test_1997.jpg
0,0,0,0,1,test_1998.jpg
0,1,0,0,0,test_1999.jpg
0,0,0,1,0,test_2.jpg
0,0,0,0,1,test_20.jpg
0,0,1,0,0,test_200.jpg
0,1,0,0,0,test_2000.jpg
0,0,0,1,0,test_2001.jpg
0,1,0,0,0,test_2002.jpg
0,1,0,0,0,test_2003.jpg
0,0,0,0,1,test_2004.jpg
0,1,0,0,0,test_2005.jpg
0,0,0,1,0,test_2006.jpg
0,1,0,0,0,test_2007.jpg
0,0,0,0,1,test_2008.jpg
0,0,0,0,1,test_2009.jpg
0,0,1,0,0,test_201.jpg
0,1,0,0,0,test_2010.jpg
0,0,0,1,0,test_2011.jpg
0,0,0,0,1,test_2012.jpg
0,1,0,0,0,test_2013.jpg
0,1,0,0,0,test_2014.jpg
0,0,0,1,0,test_2015.jpg
0,0,0,0,1,test_2016.jpg
0,1,0,0,0,test_2017.jpg
0,1,0,0,0,test_2018.jpg
0,1,0,0,0,test_2019.jpg
0,0,0,0,1,test_202.jpg
0,0,0,0,1,test_2020.jpg
0,1,0,0,0,test_2021.jpg
0,1,0,0,0,test_2022.jpg
0,0,0,1,0,test_2023.jpg
0,1,0,0,0,test_2024.jpg
0,0,0,0,1,test_2025.jpg
0,1,0,0,0,test_2026.jpg
0,1,0,0,0,test_2027.jpg
0,0,0,0,1,test_2028.jpg
0,1,0,0,0,test_2029.jpg
0,1,0,0,0,test_203.jpg
0,0,0,0,1,test_2030.jpg
0,0,0,1,0,test_2031.jpg
0,0,0,0,1,test_2032.jpg
0,0,0,0,1,test_2033.jpg
0,1,0,0,0,test_2034.jpg
0,0,0,1,0,test_2035.jpg
0,0,0,0,1,test_2036.jpg
0,1,0,0,0,test_2037.jpg
0,0,0,1,0,test_2038.jpg
0,1,0,0,0,test_2039.jpg
0,1,0,0,0,test_204.jpg
0,1,0,0,0,test_2040.jpg
0,0,0,1,0,test_2041.jpg
0,1,0,0,0,test_2042.jpg
0,0,1,0,0,test_2043.jpg
0,0,1,0,0,test_2044.jpg
0,1,0,0,0,test_2045.jpg
0,0,0,1,0,test_2046.jpg
0,1,0,0,0,test_2047.jpg
0,0,0,0,1,test_2048.jpg
0,0,0,0,1,test_2049.jpg
0,0,0,0,1,test_205.jpg
0,0,0,0,1,test_2050.jpg
0,0,0,0,1,test_2051.jpg
0,0,0,1,0,test_2052.jpg
0,1,0,0,0,test_2053.jpg
1,0,0,0,0,test_2054.jpg
0,0,0,0,1,test_2055.jpg
0,0,0,0,1,test_2056.jpg
0,1,0,0,0,test_2057.jpg
0,1,0,0,0,test_2058.jpg
0,0,1,0,0,test_2059.jpg
0,0,0,1,0,test_206.jpg
0,0,0,0,1,test_2060.jpg
0,1,0,0,0,test_2061.jpg
0,0,1,0,0,test_2062.jpg
0,1,0,0,0,test_2063.jpg
0,0,0,0,1,test_2064.jpg
0,0,0,1,0,test_2065.jpg
0,0,1,0,0,test_2066.jpg
0,1,0,0,0,test_2067.jpg
0,0,1,0,0,test_2068.jpg
0,1,0,0,0,test_2069.jpg
0,0,0,0,1,test_207.jpg
0,1,0,0,0,test_2070.jpg
0,0,0,1,0,test_2071.jpg
0,1,0,0,0,test_2072.jpg
0,0,0,0,1,test_2073.jpg
0,1,0,0,0,test_2074.jpg
0,0,0,0,1,test_2075.jpg
0,0,1,0,0,test_2076.jpg
0,0,0,0,1,test_2077.jpg
0,0,0,0,1,test_2078.jpg
0,1,0,0,0,test_2079.jpg
0,1,0,0,0,test_208.jpg
0,0,0,1,0,test_2080.jpg
0,1,0,0,0,test_2081.jpg
0,0,0,0,1,test_2082.jpg
0,1,0,0,0,test_2083.jpg
1,0,0,0,0,test_2084.jpg
0,1,0,0,0,test_2085.jpg
0,0,0,0,1,test_2086.jpg
1,0,0,0,0,test_2087.jpg
0,0,0,0,1,test_2088.jpg
0,1,0,0,0,test_2089.jpg
1,0,0,0,0,test_209.jpg
0,1,0,0,0,test_2090.jpg
0,1,0,0,0,test_2091.jpg
0,1,0,0,0,test_2092.jpg
0,1,0,0,0,test_2093.jpg
0,1,0,0,0,test_2094.jpg
0,0,1,0,0,test_2095.jpg
0,1,0,0,0,test_2096.jpg
0,1,0,0,0,test_2097.jpg
0,1,0,0,0,test_2098.jpg
0,0,0,1,0,test_2099.jpg
0,1,0,0,0,test_21.jpg
0,0,0,1,0,test_210.jpg
0,1,0,0,0,test_2100.jpg
0,1,0,0,0,test_2101.jpg
0,1,0,0,0,test_2102.jpg
0,0,0,0,1,test_2103.jpg
0,0,1,0,0,test_2104.jpg
0,1,0,0,0,test_2105.jpg
0,0,0,0,1,test_2106.jpg
0,1,0,0,0,test_2107.jpg
0,0,1,0,0,test_2108.jpg
0,0,0,0,1,test_2109.jpg
0,0,0,0,1,test_211.jpg
0,0,0,0,1,test_2110.jpg
0,1,0,0,0,test_2111.jpg
0,0,1,0,0,test_2112.jpg
0,0,0,0,1,test_2113.jpg
0,1,0,0,0,test_2114.jpg
0,1,0,0,0,test_2115.jpg
0,0,0,0,1,test_2116.jpg
0,0,0,1,0,test_2117.jpg
0,1,0,0,0,test_2118.jpg
0,0,0,1,0,test_2119.jpg
0,0,0,1,0,test_212.jpg
0,0,0,0,1,test_2120.jpg
0,1,0,0,0,test_2121.jpg
0,1,0,0,0,test_2122.jpg
0,0,1,0,0,test_2123.jpg
0,1,0,0,0,test_2124.jpg
0,1,0,0,0,test_2125.jpg
0,1,0,0,0,test_2126.jpg
0,1,0,0,0,test_2127.jpg
0,0,0,0,1,test_2128.jpg
0,1,0,0,0,test_2129.jpg
0,0,0,0,1,test_213.jpg
0,0,0,0,1,test_2130.jpg
1,0,0,0,0,test_2131.jpg
0,0,0,0,1,test_2132.jpg
0,0,0,1,0,test_2133.jpg
0,0,0,0,1,test_2134.jpg
0,1,0,0,0,test_2135.jpg
0,1,0,0,0,test_2136.jpg
0,0,0,1,0,test_2137.jpg
0,1,0,0,0,test_2138.jpg
0,0,0,0,1,test_2139.jpg
0,1,0,0,0,test_214.jpg
0,0,0,0,1,test_2140.jpg
0,0,1,0,0,test_2141.jpg
0,0,0,0,1,test_2142.jpg
0,0,1,0,0,test_2143.jpg
0,0,0,0,1,test_2144.jpg
0,0,1,0,0,test_2145.jpg
0,1,0,0,0,test_2146.jpg
0,0,0,0,1,test_2147.jpg
0,0,0,0,1,test_2148.jpg
0,0,0,0,1,test_2149.jpg
0,1,0,0,0,test_215.jpg
0,0,1,0,0,test_2150.jpg
0,0,0,1,0,test_2151.jpg
0,1,0,0,0,test_2152.jpg
0,1,0,0,0,test_2153.jpg
0,1,0,0,0,test_2154.jpg
0,0,1,0,0,test_2155.jpg
0,0,0,1,0,test_2156.jpg
0,0,0,0,1,test_2157.jpg
0,0,1,0,0,test_2158.jpg
0,0,0,0,1,test_2159.jpg
1,0,0,0,0,test_216.jpg
0,0,1,0,0,test_2160.jpg
0,1,0,0,0,test_2161.jpg
0,1,0,0,0,test_2162.jpg
0,1,0,0,0,test_2163.jpg
0,0,0,0,1,test_2164.jpg
0,0,0,0,1,test_2165.jpg
0,1,0,0,0,test_2166.jpg
0,0,0,0,1,test_2167.jpg
0,0,1,0,0,test_2168.jpg
0,1,0,0,0,test_2169.jpg
0,0,0,0,1,test_217.jpg
0,1,0,0,0,test_2170.jpg
0,0,0,0,1,test_2171.jpg
0,0,0,0,1,test_2172.jpg
0,0,0,0,1,test_2173.jpg
0,0,0,0,1,test_2174.jpg
0,0,0,0,1,test_2175.jpg
0,1,0,0,0,test_2176.jpg
0,1,0,0,0,test_2177.jpg
0,0,0,0,1,test_2178.jpg
0,0,1,0,0,test_2179.jpg
0,1,0,0,0,test_218.jpg
0,0,0,1,0,test_2180.jpg
0,0,1,0,0,test_2181.jpg
0,0,0,0,1,test_2182.jpg
0,0,0,1,0,test_2183.jpg
0,0,0,0,1,test_2184.jpg
0,0,0,0,1,test_2185.jpg
0,0,0,0,1,test_2186.jpg
0,0,0,0,1,test_2187.jpg
0,1,0,0,0,test_2188.jpg
0,0,0,0,1,test_2189.jpg
0,0,0,0,1,test_219.jpg
0,1,0,0,0,test_2190.jpg
0,1,0,0,0,test_2191.jpg
0,1,0,0,0,test_2192.jpg
0,1,0,0,0,test_2193.jpg
0,0,1,0,0,test_2194.jpg
0,0,0,1,0,test_2195.jpg
0,1,0,0,0,test_2196.jpg
0,0,0,1,0,test_2197.jpg
0,0,0,0,1,test_2198.jpg
0,0,0,0,1,test_2199.jpg
0,0,0,1,0,test_22.jpg
0,1,0,0,0,test_220.jpg
0,0,0,1,0,test_2200.jpg
0,0,0,1,0,test_2201.jpg
0,0,0,0,1,test_2202.jpg
0,1,0,0,0,test_2203.jpg
0,1,0,0,0,test_2204.jpg
0,1,0,0,0,test_2205.jpg
0,0,0,0,1,test_2206.jpg
0,0,0,0,1,test_2207.jpg
0,0,0,1,0,test_2208.jpg
0,1,0,0,0,test_2209.jpg
1,0,0,0,0,test_221.jpg
0,1,0,0,0,test_2210.jpg
0,0,0,0,1,test_2211.jpg
0,0,0,0,1,test_2212.jpg
0,0,1,0,0,test_2213.jpg
0,0,0,0,1,test_2214.jpg
0,0,0,0,1,test_2215.jpg
0,0,0,0,1,test_2216.jpg
0,1,0,0,0,test_2217.jpg
0,1,0,0,0,test_2218.jpg
0,1,0,0,0,test_2219.jpg
0,0,0,0,1,test_222.jpg
0,1,0,0,0,test_2220.jpg
0,0,1,0,0,test_2221.jpg
0,0,0,0,1,test_2222.jpg
0,0,0,0,1,test_2223.jpg
0,0,0,1,0,test_2224.jpg
1,0,0,0,0,test_2225.jpg
0,0,0,0,1,test_2226.jpg
0,0,0,0,1,test_2227.jpg
0,1,0,0,0,test_2228.jpg
0,0,0,0,1,test_2229.jpg
0,1,0,0,0,test_223.jpg
0,0,0,1,0,test_2230.jpg
0,0,0,1,0,test_2231.jpg
0,0,0,0,1,test_2232.jpg
0,1,0,0,0,test_2233.jpg
0,1,0,0,0,test_2234.jpg
0,0,0,0,1,test_2235.jpg
0,1,0,0,0,test_2236.jpg
0,1,0,0,0,test_2237.jpg
0,0,0,1,0,test_2238.jpg
0,0,0,0,1,test_2239.jpg
0,1,0,0,0,test_224.jpg
0,0,0,0,1,test_2240.jpg
0,0,0,0,1,test_2241.jpg
0,0,0,1,0,test_2242.jpg
0,0,0,0,1,test_2243.jpg
0,1,0,0,0,test_2244.jpg
0,0,0,0,1,test_2245.jpg
0,1,0,0,0,test_2246.jpg
0,0,0,0,1,test_2247.jpg
0,0,0,0,1,test_2248.jpg
0,0,0,1,0,test_2249.jpg
0,0,0,0,1,test_225.jpg
0,1,0,0,0,test_2250.jpg
0,1,0,0,0,test_2251.jpg
0,0,0,0,1,test_2252.jpg
0,0,0,0,1,test_2253.jpg
0,1,0,0,0,test_2254.jpg
0,1,0,0,0,test_2255.jpg
0,0,0,0,1,test_2256.jpg
0,0,0,0,1,test_2257.jpg
0,0,1,0,0,test_2258.jpg
0,0,1,0,0,test_2259.jpg
0,0,1,0,0,test_226.jpg
0,1,0,0,0,test_2260.jpg
0,0,0,0,1,test_2261.jpg
1,0,0,0,0,test_2262.jpg
0,0,0,0,1,test_2263.jpg
0,0,0,0,1,test_2264.jpg
0,0,0,0,1,test_2265.jpg
0,0,0,0,1,test_2266.jpg
0,0,0,0,1,test_2267.jpg
0,0,0,0,1,test_2268.jpg
0,0,0,0,1,test_2269.jpg
0,0,0,1,0,test_227.jpg
0,1,0,0,0,test_2270.jpg
0,0,0,1,0,test_2271.jpg
0,0,0,0,1,test_2272.jpg
0,1,0,0,0,test_2273.jpg
0,0,1,0,0,test_2274.jpg
0,1,0,0,0,test_2275.jpg
0,0,0,0,1,test_2276.jpg
0,1,0,0,0,test_2277.jpg
0,1,0,0,0,test_2278.jpg
0,0,0,0,1,test_2279.jpg
0,0,1,0,0,test_228.jpg
0,0,0,0,1,test_2280.jpg
0,1,0,0,0,test_2281.jpg
0,0,1,0,0,test_2282.jpg
0,0,0,0,1,test_2283.jpg
0,1,0,0,0,test_2284.jpg
0,0,1,0,0,test_2285.jpg
0,0,0,0,1,test_2286.jpg
0,0,0,0,1,test_2287.jpg
0,0,0,0,1,test_2288.jpg
0,0,0,0,1,test_2289.jpg
0,0,0,0,1,test_229.jpg
0,0,0,1,0,test_2290.jpg
0,1,0,0,0,test_2291.jpg
0,0,0,0,1,test_2292.jpg
0,1,0,0,0,test_2293.jpg
0,0,0,1,0,test_2294.jpg
0,0,0,0,1,test_2295.jpg
0,1,0,0,0,test_2296.jpg
1,0,0,0,0,test_2297.jpg
0,1,0,0,0,test_2298.jpg
0,0,0,1,0,test_2299.jpg
0,0,0,0,1,test_23.jpg
0,0,0,0,1,test_230.jpg
1,0,0,0,0,test_2300.jpg
0,0,0,0,1,test_2301.jpg
0,0,0,0,1,test_2302.jpg
0,0,0,0,1,test_2303.jpg
0,0,0,0,1,test_2304.jpg
0,0,1,0,0,test_2305.jpg
0,1,0,0,0,test_2306.jpg
0,1,0,0,0,test_2307.jpg
0,1,0,0,0,test_2308.jpg
0,0,1,0,0,test_2309.jpg
0,0,1,0,0,test_231.jpg
0,0,1,0,0,test_2310.jpg
0,0,0,0,1,test_2311.jpg
0,0,0,0,1,test_2312.jpg
0,1,0,0,0,test_2313.jpg
0,0,0,0,1,test_2314.jpg
0,0,0,0,1,test_2315.jpg
0,0,1,0,0,test_2316.jpg
0,0,0,0,1,test_2317.jpg
0,0,0,0,1,test_2318.jpg
0,1,0,0,0,test_2319.jpg
0,0,1,0,0,test_232.jpg
0,0,0,1,0,test_2320.jpg
0,0,0,0,1,test_2321.jpg
0,0,0,0,1,test_2322.jpg
0,0,0,0,1,test_2323.jpg
0,0,0,0,1,test_2324.jpg
0,0,1,0,0,test_2325.jpg
0,0,1,0,0,test_2326.jpg
0,0,0,1,0,test_2327.jpg
0,0,0,0,1,test_2328.jpg
0,1,0,0,0,test_2329.jpg
0,0,0,1,0,test_233.jpg
0,0,0,0,1,test_2330.jpg
0,0,1,0,0,test_2331.jpg
0,0,0,0,1,test_2332.jpg
0,0,1,0,0,test_2333.jpg
0,0,0,0,1,test_2334.jpg
0,0,0,0,1,test_2335.jpg
0,1,0,0,0,test_2336.jpg
0,0,0,1,0,test_2337.jpg
0,1,0,0,0,test_2338.jpg
0,0,0,0,1,test_2339.jpg
0,0,0,0,1,test_234.jpg
0,0,0,0,1,test_2340.jpg
0,0,0,0,1,test_2341.jpg
0,0,1,0,0,test_2342.jpg
0,1,0,0,0,test_2343.jpg
0,0,0,0,1,test_2344.jpg
0,1,0,0,0,test_2345.jpg
0,0,1,0,0,test_2346.jpg
0,0,0,0,1,test_2347.jpg
0,0,0,0,1,test_2348.jpg
0,0,0,0,1,test_2349.jpg
0,0,0,0,1,test_235.jpg
0,1,0,0,0,test_2350.jpg
0,0,0,1,0,test_2351.jpg
0,1,0,0,0,test_2352.jpg
0,0,0,0,1,test_2353.jpg
0,0,0,0,1,test_2354.jpg
0,0,0,0,1,test_2355.jpg
0,0,0,0,1,test_2356.jpg
0,0,0,0,1,test_2357.jpg
0,1,0,0,0,test_2358.jpg
0,0,1,0,0,test_2359.jpg
0,1,0,0,0,test_236.jpg
0,0,0,0,1,test_2360.jpg
0,0,0,0,1,test_2361.jpg
0,1,0,0,0,test_2362.jpg
0,0,0,0,1,test_2363.jpg
0,1,0,0,0,test_2364.jpg
0,1,0,0,0,test_2365.jpg
0,1,0,0,0,test_2366.jpg
0,0,0,0,1,test_2367.jpg
0,0,0,0,1,test_2368.jpg
0,1,0,0,0,test_2369.jpg
0,1,0,0,0,test_237.jpg
0,0,0,0,1,test_2370.jpg
0,0,0,0,1,test_2371.jpg
0,1,0,0,0,test_2372.jpg
0,0,1,0,0,test_2373.jpg
0,0,0,0,1,test_2374.jpg
0,0,1,0,0,test_2375.jpg
0,0,0,0,1,test_2376.jpg
0,0,0,0,1,test_2377.jpg
0,1,0,0,0,test_2378.jpg
0,1,0,0,0,test_2379.jpg
0,0,0,0,1,test_238.jpg
0,1,0,0,0,test_2380.jpg
0,0,0,1,0,test_2381.jpg
0,0,0,0,1,test_2382.jpg
0,1,0,0,0,test_2383.jpg
0,1,0,0,0,test_2384.jpg
0,1,0,0,0,test_2385.jpg
0,0,0,0,1,test_2386.jpg
0,0,0,0,1,test_2387.jpg
0,1,0,0,0,test_2388.jpg
0,0,0,1,0,test_2389.jpg
0,1,0,0,0,test_239.jpg
0,0,0,1,0,test_2390.jpg
0,1,0,0,0,test_2391.jpg
0,1,0,0,0,test_2392.jpg
0,0,0,0,1,test_2393.jpg
0,0,1,0,0,test_2394.jpg
0,0,0,0,1,test_2395.jpg
0,0,0,0,1,test_2396.jpg
0,0,0,0,1,test_2397.jpg
0,0,0,0,1,test_2398.jpg
0,1,0,0,0,test_2399.jpg
0,1,0,0,0,test_24.jpg
0,0,0,0,1,test_240.jpg
1,0,0,0,0,test_2400.jpg
0,0,0,0,1,test_2401.jpg
0,0,1,0,0,test_2402.jpg
0,1,0,0,0,test_2403.jpg
0,0,1,0,0,test_2404.jpg
0,0,0,0,1,test_2405.jpg
0,1,0,0,0,test_2406.jpg
0,0,0,0,1,test_2407.jpg
0,0,0,0,1,test_2408.jpg
1,0,0,0,0,test_2409.jpg
0,1,0,0,0,test_241.jpg
0,0,0,0,1,test_2410.jpg
0,0,0,0,1,test_2411.jpg
0,0,0,0,1,test_2412.jpg
0,1,0,0,0,test_2413.jpg
1,0,0,0,0,test_2414.jpg
0,1,0,0,0,test_2415.jpg
1,0,0,0,0,test_2416.jpg
0,0,0,0,1,test_2417.jpg
0,1,0,0,0,test_2418.jpg
0,0,1,0,0,test_2419.jpg
0,0,0,1,0,test_242.jpg
0,1,0,0,0,test_2420.jpg
0,0,1,0,0,test_2421.jpg
0,0,1,0,0,test_2422.jpg
0,0,1,0,0,test_2423.jpg
0,0,1,0,0,test_2424.jpg
0,0,0,0,1,test_2425.jpg
0,1,0,0,0,test_2426.jpg
0,0,0,1,0,test_2427.jpg
0,0,0,0,1,test_2428.jpg
0,0,0,0,1,test_2429.jpg
0,0,1,0,0,test_243.jpg
0,0,0,1,0,test_2430.jpg
0,1,0,0,0,test_2431.jpg
0,0,0,0,1,test_2432.jpg
0,0,0,0,1,test_2433.jpg
0,0,0,0,1,test_2434.jpg
0,0,0,0,1,test_2435.jpg
0,0,0,0,1,test_2436.jpg
0,0,0,1,0,test_2437.jpg
0,1,0,0,0,test_2438.jpg
0,0,1,0,0,test_2439.jpg
0,1,0,0,0,test_244.jpg
0,0,0,1,0,test_2440.jpg
0,0,0,0,1,test_2441.jpg
0,1,0,0,0,test_2442.jpg
0,0,1,0,0,test_2443.jpg
0,1,0,0,0,test_2444.jpg
0,1,0,0,0,test_2445.jpg
0,0,1,0,0,test_2446.jpg
0,0,1,0,0,test_2447.jpg
0,0,1,0,0,test_2448.jpg
0,0,0,0,1,test_2449.jpg
0,0,0,0,1,test_245.jpg
0,0,0,1,0,test_2450.jpg
0,0,1,0,0,test_2451.jpg
0,1,0,0,0,test_2452.jpg
0,0,0,0,1,test_2453.jpg
0,1,0,0,0,test_2454.jpg
0,0,0,1,0,test_2455.jpg
0,0,1,0,0,test_2456.jpg
0,1,0,0,0,test_2457.jpg
0,1,0,0,0,test_2458.jpg
0,0,0,1,0,test_2459.jpg
0,0,0,0,1,test_246.jpg
0,1,0,0,0,test_2460.jpg
0,0,0,0,1,test_2461.jpg
0,0,0,0,1,test_2462.jpg
0,1,0,0,0,test_2463.jpg
0,0,0,0,1,test_2464.jpg
0,1,0,0,0,test_2465.jpg
0,0,0,0,1,test_2466.jpg
0,1,0,0,0,test_2467.jpg
0,0,0,0,1,test_2468.jpg
0,0,0,1,0,test_2469.jpg
0,0,1,0,0,test_247.jpg
0,0,1,0,0,test_2470.jpg
0,0,0,0,1,test_2471.jpg
0,0,1,0,0,test_2472.jpg
0,0,0,1,0,test_2473.jpg
0,1,0,0,0,test_2474.jpg
0,1,0,0,0,test_2475.jpg
0,0,1,0,0,test_2476.jpg
0,0,0,0,1,test_2477.jpg
0,0,0,0,1,test_2478.jpg
1,0,0,0,0,test_2479.jpg
0,1,0,0,0,test_248.jpg
0,1,0,0,0,test_2480.jpg
0,0,0,0,1,test_2481.jpg
0,1,0,0,0,test_2482.jpg
0,1,0,0,0,test_2483.jpg
0,1,0,0,0,test_2484.jpg
0,0,0,0,1,test_2485.jpg
0,0,1,0,0,test_2486.jpg
0,0,0,1,0,test_2487.jpg
0,1,0,0,0,test_2488.jpg
0,0,0,1,0,test_2489.jpg
1,0,0,0,0,test_249.jpg
0,0,0,0,1,test_2490.jpg
0,1,0,0,0,test_2491.jpg
0,0,0,0,1,test_2492.jpg
0,0,1,0,0,test_2493.jpg
0,0,0,0,1,test_2494.jpg
0,1,0,0,0,test_2495.jpg
1,0,0,0,0,test_2496.jpg
0,1,0,0,0,test_2497.jpg
0,0,0,1,0,test_2498.jpg
0,0,0,1,0,test_2499.jpg
0,0,0,0,1,test_25.jpg
0,0,0,0,1,test_250.jpg
0,0,0,1,0,test_2500.jpg
0,1,0,0,0,test_2501.jpg
0,1,0,0,0,test_2502.jpg
0,0,0,0,1,test_2503.jpg
0,0,0,0,1,test_2504.jpg
0,0,0,0,1,test_2505.jpg
0,1,0,0,0,test_2506.jpg
0,0,0,0,1,test_2507.jpg
0,1,0,0,0,test_2508.jpg
0,1,0,0,0,test_2509.jpg
0,0,0,0,1,test_251.jpg
0,0,1,0,0,test_2510.jpg
0,1,0,0,0,test_2511.jpg
0,1,0,0,0,test_2512.jpg
0,0,0,0,1,test_2513.jpg
0,0,0,0,1,test_2514.jpg
0,0,0,0,1,test_2515.jpg
0,1,0,0,0,test_2516.jpg
0,0,0,1,0,test_2517.jpg
0,0,0,0,1,test_2518.jpg
0,1,0,0,0,test_2519.jpg
0,0,1,0,0,test_252.jpg
0,0,1,0,0,test_2520.jpg
0,1,0,0,0,test_2521.jpg
0,0,0,0,1,test_2522.jpg
0,0,1,0,0,test_2523.jpg
0,0,0,0,1,test_2524.jpg
0,0,0,1,0,test_2525.jpg
0,0,0,0,1,test_2526.jpg
0,0,1,0,0,test_2527.jpg
0,0,0,1,0,test_2528.jpg
0,1,0,0,0,test_2529.jpg
0,1,0,0,0,test_253.jpg
1,0,0,0,0,test_2530.jpg
1,0,0,0,0,test_2531.jpg
0,0,0,0,1,test_2532.jpg
0,1,0,0,0,test_2533.jpg
0,0,0,1,0,test_2534.jpg
0,0,0,0,1,test_2535.jpg
0,1,0,0,0,test_2536.jpg
0,1,0,0,0,test_2537.jpg
0,0,0,1,0,test_2538.jpg
0,0,1,0,0,test_2539.jpg
0,1,0,0,0,test_254.jpg
0,0,0,0,1,test_2540.jpg
0,0,0,0,1,test_2541.jpg
0,1,0,0,0,test_2542.jpg
0,0,0,0,1,test_2543.jpg
0,1,0,0,0,test_2544.jpg
0,0,0,0,1,test_2545.jpg
0,0,0,1,0,test_2546.jpg
0,0,0,0,1,test_2547.jpg
0,1,0,0,0,test_2548.jpg
0,0,0,1,0,test_2549.jpg
0,1,0,0,0,test_255.jpg
0,0,0,0,1,test_2550.jpg
0,1,0,0,0,test_2551.jpg
0,1,0,0,0,test_2552.jpg
0,0,0,0,1,test_2553.jpg
0,1,0,0,0,test_2554.jpg
0,0,1,0,0,test_2555.jpg
0,0,0,0,1,test_2556.jpg
0,0,0,0,1,test_2557.jpg
0,1,0,0,0,test_2558.jpg
0,0,0,0,1,test_2559.jpg
0,0,0,0,1,test_256.jpg
1,0,0,0,0,test_2560.jpg
0,0,1,0,0,test_2561.jpg
0,0,1,0,0,test_2562.jpg
0,1,0,0,0,test_2563.jpg
0,0,0,0,1,test_2564.jpg
0,0,0,1,0,test_2565.jpg
0,0,0,0,1,test_2566.jpg
0,0,0,0,1,test_2567.jpg
0,0,0,0,1,test_2568.jpg
0,0,1,0,0,test_2569.jpg
0,1,0,0,0,test_257.jpg
0,1,0,0,0,test_2570.jpg
0,0,1,0,0,test_2571.jpg
0,0,0,0,1,test_2572.jpg
0,1,0,0,0,test_2573.jpg
0,0,1,0,0,test_2574.jpg
0,0,0,0,1,test_2575.jpg
0,0,1,0,0,test_2576.jpg
0,1,0,0,0,test_2577.jpg
1,0,0,0,0,test_2578.jpg
0,0,0,0,1,test_2579.jpg
0,0,0,0,1,test_258.jpg
0,1,0,0,0,test_2580.jpg
0,0,0,0,1,test_2581.jpg
0,0,1,0,0,test_2582.jpg
0,0,0,0,1,test_2583.jpg
0,0,0,0,1,test_2584.jpg
0,1,0,0,0,test_2585.jpg
0,0,0,0,1,test_2586.jpg
0,0,0,0,1,test_2587.jpg
0,0,0,0,1,test_2588.jpg
0,0,1,0,0,test_2589.jpg
1,0,0,0,0,test_259.jpg
0,1,0,0,0,test_2590.jpg
0,0,0,0,1,test_2591.jpg
0,1,0,0,0,test_2592.jpg
0,0,0,1,0,test_2593.jpg
0,1,0,0,0,test_2594.jpg
0,1,0,0,0,test_2595.jpg
0,1,0,0,0,test_2596.jpg
0,0,1,0,0,test_2597.jpg
0,0,0,1,0,test_2598.jpg
0,0,0,0,1,test_2599.jpg
0,1,0,0,0,test_26.jpg
0,0,0,0,1,test_260.jpg
0,0,0,0,1,test_2600.jpg
0,1,0,0,0,test_2601.jpg
0,0,0,1,0,test_2602.jpg
0,0,0,1,0,test_2603.jpg
0,0,0,0,1,test_2604.jpg
0,1,0,0,0,test_2605.jpg
0,1,0,0,0,test_2606.jpg
0,1,0,0,0,test_2607.jpg
0,1,0,0,0,test_2608.jpg
0,1,0,0,0,test_2609.jpg
0,1,0,0,0,test_261.jpg
0,0,0,0,1,test_2610.jpg
0,1,0,0,0,test_2611.jpg
0,1,0,0,0,test_2612.jpg
0,0,0,0,1,test_2613.jpg
1,0,0,0,0,test_2614.jpg
0,1,0,0,0,test_2615.jpg
1,0,0,0,0,test_2616.jpg
0,0,0,0,1,test_2617.jpg
0,0,1,0,0,test_2618.jpg
0,0,0,0,1,test_2619.jpg
0,0,0,0,1,test_262.jpg
0,1,0,0,0,test_2620.jpg
0,0,1,0,0,test_2621.jpg
0,0,1,0,0,test_2622.jpg
0,0,0,0,1,test_2623.jpg
0,1,0,0,0,test_2624.jpg
0,1,0,0,0,test_2625.jpg
0,1,0,0,0,test_2626.jpg
0,0,0,0,1,test_2627.jpg
0,1,0,0,0,test_2628.jpg
0,1,0,0,0,test_2629.jpg
0,1,0,0,0,test_263.jpg
0,1,0,0,0,test_2630.jpg
0,0,0,0,1,test_2631.jpg
0,1,0,0,0,test_2632.jpg
0,0,0,0,1,test_2633.jpg
0,0,1,0,0,test_2634.jpg
0,1,0,0,0,test_2635.jpg
0,0,1,0,0,test_2636.jpg
0,0,0,0,1,test_2637.jpg
0,0,0,0,1,test_2638.jpg
0,0,0,1,0,test_2639.jpg
0,0,1,0,0,test_264.jpg
0,0,0,0,1,test_2640.jpg
0,1,0,0,0,test_2641.jpg
0,0,0,1,0,test_2642.jpg
0,0,1,0,0,test_2643.jpg
0,1,0,0,0,test_2644.jpg
0,0,1,0,0,test_2645.jpg
0,0,0,0,1,test_2646.jpg
0,0,1,0,0,test_2647.jpg
0,0,1,0,0,test_2648.jpg
0,0,0,1,0,test_2649.jpg
0,1,0,0,0,test_265.jpg
0,1,0,0,0,test_2650.jpg
0,0,0,0,1,test_2651.jpg
0,0,0,0,1,test_2652.jpg
0,0,0,1,0,test_2653.jpg
0,0,0,0,1,test_2654.jpg
0,1,0,0,0,test_2655.jpg
0,0,1,0,0,test_2656.jpg
0,0,0,0,1,test_2657.jpg
0,0,0,0,1,test_2658.jpg
0,1,0,0,0,test_2659.jpg
0,0,0,0,1,test_266.jpg
0,0,1,0,0,test_2660.jpg
0,0,0,0,1,test_2661.jpg
0,1,0,0,0,test_2662.jpg
0,1,0,0,0,test_2663.jpg
0,0,0,0,1,test_2664.jpg
0,0,1,0,0,test_2665.jpg
0,0,0,0,1,test_2666.jpg
0,0,0,1,0,test_2667.jpg
0,0,1,0,0,test_2668.jpg
0,0,0,0,1,test_2669.jpg
0,1,0,0,0,test_267.jpg
0,1,0,0,0,test_2670.jpg
0,0,0,0,1,test_2671.jpg
0,1,0,0,0,test_2672.jpg
0,0,0,0,1,test_2673.jpg
0,0,0,0,1,test_2674.jpg
0,0,1,0,0,test_2675.jpg
0,0,0,0,1,test_2676.jpg
0,1,0,0,0,test_2677.jpg
0,1,0,0,0,test_2678.jpg
1,0,0,0,0,test_2679.jpg
0,0,0,1,0,test_268.jpg
0,0,0,0,1,test_2680.jpg
0,1,0,0,0,test_2681.jpg
0,1,0,0,0,test_2682.jpg
0,0,0,0,1,test_2683.jpg
0,1,0,0,0,test_2684.jpg
0,0,0,0,1,test_2685.jpg
0,0,0,0,1,test_2686.jpg
0,1,0,0,0,test_2687.jpg
0,0,0,0,1,test_2688.jpg
0,1,0,0,0,test_2689.jpg
0,1,0,0,0,test_269.jpg
0,0,0,0,1,test_2690.jpg
0,0,0,0,1,test_2691.jpg
0,0,0,1,0,test_2692.jpg
0,1,0,0,0,test_2693.jpg
0,0,0,0,1,test_2694.jpg
0,0,0,1,0,test_2695.jpg
0,0,0,0,1,test_2696.jpg
0,0,0,0,1,test_2697.jpg
0,1,0,0,0,test_2698.jpg
0,0,0,0,1,test_2699.jpg
1,0,0,0,0,test_27.jpg
0,1,0,0,0,test_270.jpg
0,0,0,0,1,test_2700.jpg
0,0,0,1,0,test_2701.jpg
0,0,0,0,1,test_2702.jpg
0,0,1,0,0,test_2703.jpg
0,1,0,0,0,test_2704.jpg
0,1,0,0,0,test_2705.jpg
0,0,0,0,1,test_2706.jpg
0,0,0,1,0,test_2707.jpg
0,1,0,0,0,test_2708.jpg
1,0,0,0,0,test_2709.jpg
0,0,0,0,1,test_271.jpg
0,0,0,0,1,test_2710.jpg
0,1,0,0,0,test_2711.jpg
0,1,0,0,0,test_2712.jpg
0,1,0,0,0,test_2713.jpg
0,0,0,0,1,test_2714.jpg
0,0,1,0,0,test_2715.jpg
0,0,0,0,1,test_2716.jpg
0,0,0,0,1,test_2717.jpg
0,0,0,0,1,test_2718.jpg
0,0,1,0,0,test_2719.jpg
0,0,1,0,0,test_272.jpg
0,0,0,0,1,test_2720.jpg
0,0,0,1,0,test_2721.jpg
0,0,0,0,1,test_2722.jpg
0,0,0,0,1,test_2723.jpg
0,0,1,0,0,test_2724.jpg
0,0,0,0,1,test_2725.jpg
0,0,0,0,1,test_2726.jpg
0,1,0,0,0,test_2727.jpg
0,1,0,0,0,test_2728.jpg
0,1,0,0,0,test_2729.jpg
0,0,0,1,0,test_273.jpg
0,1,0,0,0,test_2730.jpg
1,0,0,0,0,test_2731.jpg
0,1,0,0,0,test_2732.jpg
0,0,0,0,1,test_2733.jpg
0,0,0,0,1,test_2734.jpg
0,1,0,0,0,test_2735.jpg
0,1,0,0,0,test_2736.jpg
0,1,0,0,0,test_2737.jpg
0,0,0,1,0,test_2738.jpg
0,1,0,0,0,test_2739.jpg
0,1,0,0,0,test_274.jpg
0,1,0,0,0,test_2740.jpg
0,1,0,0,0,test_2741.jpg
0,1,0,0,0,test_2742.jpg
0,0,0,0,1,test_2743.jpg
0,0,0,0,1,test_2744.jpg
0,1,0,0,0,test_2745.jpg
0,0,0,0,1,test_2746.jpg
0,0,0,0,1,test_2747.jpg
0,0,0,0,1,test_2748.jpg
0,0,1,0,0,test_2749.jpg
0,0,0,1,0,test_275.jpg
0,0,1,0,0,test_2750.jpg
0,1,0,0,0,test_2751.jpg
0,1,0,0,0,test_2752.jpg
0,1,0,0,0,test_2753.jpg
0,1,0,0,0,test_2754.jpg
0,1,0,0,0,test_2755.jpg
0,0,0,0,1,test_2756.jpg
0,1,0,0,0,test_2757.jpg
0,0,0,0,1,test_2758.jpg
0,1,0,0,0,test_2759.jpg
0,0,0,0,1,test_276.jpg
0,1,0,0,0,test_2760.jpg
0,0,0,0,1,test_2761.jpg
0,0,0,0,1,test_2762.jpg
0,0,1,0,0,test_2763.jpg
0,1,0,0,0,test_2764.jpg
0,1,0,0,0,test_2765.jpg
0,0,0,0,1,test_2766.jpg
0,1,0,0,0,test_2767.jpg
0,1,0,0,0,test_2768.jpg
0,1,0,0,0,test_2769.jpg
0,1,0,0,0,test_277.jpg
0,1,0,0,0,test_2770.jpg
0,1,0,0,0,test_2771.jpg
0,0,1,0,0,test_2772.jpg
0,0,0,0,1,test_2773.jpg
0,0,0,0,1,test_2774.jpg
1,0,0,0,0,test_2775.jpg
0,1,0,0,0,test_2776.jpg
0,0,0,1,0,test_2777.jpg
0,0,0,0,1,test_2778.jpg
0,1,0,0,0,test_2779.jpg
0,1,0,0,0,test_278.jpg
0,0,0,0,1,test_2780.jpg
0,1,0,0,0,test_2781.jpg
0,0,0,0,1,test_2782.jpg
0,0,0,0,1,test_2783.jpg
0,1,0,0,0,test_2784.jpg
0,1,0,0,0,test_2785.jpg
0,0,0,0,1,test_2786.jpg
0,1,0,0,0,test_2787.jpg
0,0,0,0,1,test_2788.jpg
0,0,0,0,1,test_2789.jpg
1,0,0,0,0,test_279.jpg
0,0,0,0,1,test_2790.jpg
0,1,0,0,0,test_2791.jpg
0,0,0,1,0,test_2792.jpg
0,1,0,0,0,test_2793.jpg
0,0,0,0,1,test_2794.jpg
0,1,0,0,0,test_2795.jpg
0,0,1,0,0,test_2796.jpg
0,0,0,0,1,test_2797.jpg
0,0,0,0,1,test_2798.jpg
0,0,0,0,1,test_2799.jpg
0,1,0,0,0,test_28.jpg
0,1,0,0,0,test_280.jpg
0,0,0,1,0,test_2800.jpg
0,0,0,0,1,test_2801.jpg
0,0,1,0,0,test_2802.jpg
0,0,0,1,0,test_2803.jpg
0,1,0,0,0,test_2804.jpg
0,0,0,0,1,test_2805.jpg
0,0,0,0,1,test_2806.jpg
0,0,1,0,0,test_2807.jpg
0,1,0,0,0,test_2808.jpg
0,0,1,0,0,test_2809.jpg
0,0,0,0,1,test_281.jpg
0,1,0,0,0,test_2810.jpg
0,0,0,0,1,test_2811.jpg
0,0,0,0,1,test_2812.jpg
0,1,0,0,0,test_2813.jpg
0,0,1,0,0,test_2814.jpg
0,0,0,0,1,test_2815.jpg
0,1,0,0,0,test_2816.jpg
0,0,0,0,1,test_2817.jpg
0,0,0,1,0,test_2818.jpg
1,0,0,0,0,test_2819.jpg
0,0,1,0,0,test_282.jpg
0,0,0,0,1,test_2820.jpg
0,0,0,0,1,test_2821.jpg
0,1,0,0,0,test_2822.jpg
0,1,0,0,0,test_2823.jpg
1,0,0,0,0,test_2824.jpg
0,0,1,0,0,test_2825.jpg
0,0,0,1,0,test_2826.jpg
0,0,1,0,0,test_2827.jpg
0,0,1,0,0,test_2828.jpg
0,0,0,0,1,test_2829.jpg
0,1,0,0,0,test_283.jpg
0,0,1,0,0,test_2830.jpg
0,0,1,0,0,test_2831.jpg
0,0,0,0,1,test_2832.jpg
0,0,0,0,1,test_2833.jpg
0,1,0,0,0,test_2834.jpg
0,0,0,1,0,test_2835.jpg
0,0,0,0,1,test_2836.jpg
0,0,1,0,0,test_2837.jpg
0,1,0,0,0,test_2838.jpg
0,0,0,0,1,test_2839.jpg
0,0,0,1,0,test_284.jpg
0,0,0,0,1,test_2840.jpg
0,1,0,0,0,test_2841.jpg
0,1,0,0,0,test_2842.jpg
0,0,1,0,0,test_2843.jpg
0,1,0,0,0,test_2844.jpg
0,0,1,0,0,test_2845.jpg
0,1,0,0,0,test_2846.jpg
0,0,0,0,1,test_2847.jpg
0,1,0,0,0,test_2848.jpg
0,0,1,0,0,test_2849.jpg
0,0,0,0,1,test_285.jpg
0,0,0,0,1,test_2850.jpg
0,0,0,0,1,test_2851.jpg
0,1,0,0,0,test_2852.jpg
0,0,0,1,0,test_2853.jpg
0,0,1,0,0,test_2854.jpg
0,0,1,0,0,test_2855.jpg
0,0,0,0,1,test_2856.jpg
0,1,0,0,0,test_2857.jpg
0,0,0,1,0,test_2858.jpg
0,0,0,0,1,test_2859.jpg
0,0,1,0,0,test_286.jpg
0,0,0,1,0,test_2860.jpg
0,1,0,0,0,test_2861.jpg
0,1,0,0,0,test_2862.jpg
0,1,0,0,0,test_2863.jpg
0,0,1,0,0,test_2864.jpg
0,1,0,0,0,test_2865.jpg
0,1,0,0,0,test_2866.jpg
1,0,0,0,0,test_2867.jpg
0,1,0,0,0,test_2868.jpg
0,1,0,0,0,test_2869.jpg
0,0,0,0,1,test_287.jpg
0,0,0,0,1,test_2870.jpg
0,0,0,0,1,test_2871.jpg
0,1,0,0,0,test_2872.jpg
1,0,0,0,0,test_2873.jpg
0,0,0,0,1,test_2874.jpg
0,0,0,0,1,test_2875.jpg
0,0,1,0,0,test_2876.jpg
0,0,0,1,0,test_2877.jpg
0,1,0,0,0,test_2878.jpg
0,0,1,0,0,test_2879.jpg
0,0,0,1,0,test_288.jpg
0,1,0,0,0,test_2880.jpg
0,0,0,1,0,test_2881.jpg
0,1,0,0,0,test_2882.jpg
0,1,0,0,0,test_2883.jpg
0,0,0,1,0,test_2884.jpg
0,1,0,0,0,test_2885.jpg
0,1,0,0,0,test_2886.jpg
0,1,0,0,0,test_2887.jpg
0,0,0,0,1,test_2888.jpg
0,0,0,0,1,test_2889.jpg
0,0,0,0,1,test_289.jpg
0,1,0,0,0,test_2890.jpg
0,1,0,0,0,test_2891.jpg
0,0,0,0,1,test_2892.jpg
0,1,0,0,0,test_2893.jpg
0,1,0,0,0,test_2894.jpg
0,1,0,0,0,test_2895.jpg
0,0,0,0,1,test_2896.jpg
0,0,0,0,1,test_2897.jpg
0,0,1,0,0,test_2898.jpg
0,1,0,0,0,test_2899.jpg
0,0,1,0,0,test_29.jpg
0,1,0,0,0,test_290.jpg
0,0,0,0,1,test_2900.jpg
0,0,1,0,0,test_2901.jpg
1,0,0,0,0,test_2902.jpg
0,0,1,0,0,test_2903.jpg
0,1,0,0,0,test_2904.jpg
0,0,0,0,1,test_2905.jpg
0,0,0,0,1,test_2906.jpg
0,0,0,0,1,test_2907.jpg
0,1,0,0,0,test_2908.jpg
0,0,0,0,1,test_2909.jpg
0,1,0,0,0,test_291.jpg
0,0,1,0,0,test_2910.jpg
0,0,0,0,1,test_2911.jpg
0,0,0,1,0,test_2912.jpg
0,1,0,0,0,test_2913.jpg
0,0,1,0,0,test_2914.jpg
0,0,0,0,1,test_2915.jpg
0,0,1,0,0,test_2916.jpg
0,1,0,0,0,test_2917.jpg
0,1,0,0,0,test_2918.jpg
0,0,0,0,1,test_2919.jpg
0,0,1,0,0,test_292.jpg
0,0,0,0,1,test_2920.jpg
0,0,0,0,1,test_2921.jpg
0,0,0,0,1,test_2922.jpg
0,1,0,0,0,test_2923.jpg
0,0,0,0,1,test_2924.jpg
0,0,1,0,0,test_2925.jpg
0,0,0,0,1,test_2926.jpg
0,0,0,0,1,test_2927.jpg
0,1,0,0,0,test_2928.jpg
1,0,0,0,0,test_2929.jpg
0,0,1,0,0,test_293.jpg
0,0,0,0,1,test_2930.jpg
0,1,0,0,0,test_2931.jpg
0,1,0,0,0,test_2932.jpg
0,0,1,0,0,test_2933.jpg
0,0,0,1,0,test_2934.jpg
0,0,0,1,0,test_2935.jpg
0,0,1,0,0,test_2936.jpg
0,0,0,0,1,test_2937.jpg
0,0,0,1,0,test_2938.jpg
0,1,0,0,0,test_2939.jpg
0,0,1,0,0,test_294.jpg
0,0,0,0,1,test_2940.jpg
0,0,0,0,1,test_2941.jpg
0,0,0,0,1,test_2942.jpg
0,0,1,0,0,test_2943.jpg
0,0,0,1,0,test_2944.jpg
0,0,1,0,0,test_2945.jpg
0,0,0,0,1,test_2946.jpg
0,1,0,0,0,test_2947.jpg
0,0,1,0,0,test_2948.jpg
0,0,0,1,0,test_2949.jpg
0,0,0,0,1,test_295.jpg
0,0,1,0,0,test_2950.jpg
0,1,0,0,0,test_2951.jpg
0,0,1,0,0,test_2952.jpg
1,0,0,0,0,test_2953.jpg
0,1,0,0,0,test_2954.jpg
0,0,0,1,0,test_2955.jpg
0,0,0,0,1,test_2956.jpg
0,0,1,0,0,test_2957.jpg
0,0,0,0,1,test_2958.jpg
0,0,0,0,1,test_2959.jpg
0,1,0,0,0,test_296.jpg
0,0,0,0,1,test_2960.jpg
0,0,0,1,0,test_2961.jpg
0,1,0,0,0,test_2962.jpg
0,0,1,0,0,test_2963.jpg
0,0,0,0,1,test_2964.jpg
0,0,0,1,0,test_2965.jpg
0,1,0,0,0,test_2966.jpg
0,0,0,0,1,test_2967.jpg
0,1,0,0,0,test_2968.jpg
0,0,0,0,1,test_2969.jpg
0,0,1,0,0,test_297.jpg
0,1,0,0,0,test_2970.jpg
0,1,0,0,0,test_2971.jpg
0,0,0,0,1,test_2972.jpg
0,0,0,0,1,test_2973.jpg
0,1,0,0,0,test_2974.jpg
0,0,0,1,0,test_2975.jpg
0,0,0,1,0,test_2976.jpg
0,0,1,0,0,test_2977.jpg
0,1,0,0,0,test_2978.jpg
0,0,0,0,1,test_2979.jpg
0,0,0,1,0,test_298.jpg
0,0,1,0,0,test_2980.jpg
0,0,0,0,1,test_2981.jpg
0,1,0,0,0,test_2982.jpg
0,0,0,0,1,test_2983.jpg
0,0,1,0,0,test_2984.jpg
0,0,0,0,1,test_2985.jpg
0,1,0,0,0,test_2986.jpg
0,0,0,1,0,test_2987.jpg
0,1,0,0,0,test_2988.jpg
0,0,0,0,1,test_2989.jpg
0,0,0,0,1,test_299.jpg
0,0,1,0,0,test_2990.jpg
0,0,1,0,0,test_2991.jpg
0,1,0,0,0,test_2992.jpg
0,1,0,0,0,test_2993.jpg
0,0,0,0,1,test_2994.jpg
0,1,0,0,0,test_2995.jpg
0,0,0,0,1,test_2996.jpg
0,1,0,0,0,test_2997.jpg
0,0,0,0,1,test_2998.jpg
0,1,0,0,0,test_2999.jpg
0,1,0,0,0,test_3.jpg
0,1,0,0,0,test_30.jpg
0,1,0,0,0,test_300.jpg
0,1,0,0,0,test_3000.jpg
0,0,0,0,1,test_3001.jpg
0,1,0,0,0,test_3002.jpg
0,0,0,1,0,test_3003.jpg
0,1,0,0,0,test_3004.jpg
0,1,0,0,0,test_3005.jpg
0,1,0,0,0,test_3006.jpg
0,0,0,0,1,test_3007.jpg
0,1,0,0,0,test_3008.jpg
0,0,0,0,1,test_3009.jpg
0,0,0,0,1,test_301.jpg
0,1,0,0,0,test_3010.jpg
0,0,0,0,1,test_3011.jpg
0,1,0,0,0,test_3012.jpg
0,1,0,0,0,test_3013.jpg
0,1,0,0,0,test_3014.jpg
0,1,0,0,0,test_3015.jpg
0,0,0,0,1,test_3016.jpg
0,1,0,0,0,test_3017.jpg
0,0,0,0,1,test_3018.jpg
0,1,0,0,0,test_3019.jpg
0,0,1,0,0,test_302.jpg
0,0,0,1,0,test_3020.jpg
0,1,0,0,0,test_3021.jpg
0,1,0,0,0,test_3022.jpg
0,1,0,0,0,test_3023.jpg
0,0,1,0,0,test_3024.jpg
0,0,1,0,0,test_3025.jpg
0,0,1,0,0,test_3026.jpg
0,0,0,0,1,test_3027.jpg
0,0,0,0,1,test_3028.jpg
0,1,0,0,0,test_3029.jpg
1,0,0,0,0,test_303.jpg
0,0,0,0,1,test_3030.jpg
0,1,0,0,0,test_3031.jpg
0,1,0,0,0,test_3032.jpg
0,1,0,0,0,test_3033.jpg
0,0,0,0,1,test_3034.jpg
1,0,0,0,0,test_3035.jpg
0,1,0,0,0,test_3036.jpg
0,1,0,0,0,test_3037.jpg
0,0,0,1,0,test_3038.jpg
0,0,0,0,1,test_3039.jpg
0,0,0,0,1,test_304.jpg
0,0,0,0,1,test_3040.jpg
0,0,0,1,0,test_3041.jpg
0,0,0,0,1,test_3042.jpg
1,0,0,0,0,test_3043.jpg
0,1,0,0,0,test_3044.jpg
0,0,0,0,1,test_3045.jpg
0,1,0,0,0,test_3046.jpg
0,0,0,1,0,test_3047.jpg
0,0,0,0,1,test_3048.jpg
0,1,0,0,0,test_3049.jpg
0,1,0,0,0,test_305.jpg
0,1,0,0,0,test_3050.jpg
0,1,0,0,0,test_3051.jpg
0,0,0,0,1,test_3052.jpg
0,0,1,0,0,test_3053.jpg
0,0,0,0,1,test_3054.jpg
0,0,1,0,0,test_3055.jpg
0,0,0,0,1,test_3056.jpg
0,1,0,0,0,test_3057.jpg
0,1,0,0,0,test_3058.jpg
0,0,0,0,1,test_3059.jpg
0,0,0,1,0,test_306.jpg
0,0,0,1,0,test_3060.jpg
0,0,0,0,1,test_3061.jpg
0,0,0,1,0,test_3062.jpg
0,1,0,0,0,test_3063.jpg
0,0,1,0,0,test_3064.jpg
0,0,0,0,1,test_3065.jpg
0,1,0,0,0,test_3066.jpg
0,1,0,0,0,test_3067.jpg
0,0,0,1,0,test_3068.jpg
0,0,0,0,1,test_3069.jpg
0,0,1,0,0,test_307.jpg
0,0,1,0,0,test_3070.jpg
0,0,0,0,1,test_3071.jpg
0,0,0,0,1,test_3072.jpg
0,1,0,0,0,test_3073.jpg
0,1,0,0,0,test_3074.jpg
0,1,0,0,0,test_3075.jpg
0,1,0,0,0,test_3076.jpg
0,1,0,0,0,test_3077.jpg
0,1,0,0,0,test_3078.jpg
0,0,1,0,0,test_3079.jpg
1,0,0,0,0,test_308.jpg
0,0,0,1,0,test_3080.jpg
0,0,0,0,1,test_3081.jpg
0,0,1,0,0,test_3082.jpg
0,1,0,0,0,test_3083.jpg
0,0,0,0,1,test_3084.jpg
0,1,0,0,0,test_3085.jpg
0,0,0,0,1,test_3086.jpg
0,0,0,0,1,test_3087.jpg
0,0,0,0,1,test_3088.jpg
0,0,0,1,0,test_3089.jpg
0,1,0,0,0,test_309.jpg
0,0,0,0,1,test_3090.jpg
0,0,0,0,1,test_3091.jpg
0,1,0,0,0,test_3092.jpg
0,1,0,0,0,test_3093.jpg
0,0,0,0,1,test_3094.jpg
0,0,0,0,1,test_3095.jpg
0,0,0,0,1,test_3096.jpg
0,0,0,0,1,test_3097.jpg
0,1,0,0,0,test_3098.jpg
0,0,0,0,1,test_3099.jpg
0,1,0,0,0,test_31.jpg
0,0,0,0,1,test_310.jpg
0,0,1,0,0,test_3100.jpg
0,1,0,0,0,test_3101.jpg
0,0,0,1,0,test_3102.jpg
0,1,0,0,0,test_3103.jpg
1,0,0,0,0,test_3104.jpg
0,1,0,0,0,test_3105.jpg
1,0,0,0,0,test_3106.jpg
0,0,1,0,0,test_3107.jpg
0,1,0,0,0,test_3108.jpg
0,0,0,0,1,test_3109.jpg
1,0,0,0,0,test_311.jpg
0,0,0,1,0,test_3110.jpg
0,0,0,0,1,test_3111.jpg
0,1,0,0,0,test_3112.jpg
0,0,1,0,0,test_3113.jpg
0,1,0,0,0,test_3114.jpg
0,1,0,0,0,test_3115.jpg
1,0,0,0,0,test_3116.jpg
0,0,0,0,1,test_3117.jpg
0,0,1,0,0,test_3118.jpg
0,1,0,0,0,test_3119.jpg
0,1,0,0,0,test_312.jpg
0,0,1,0,0,test_3120.jpg
0,0,0,0,1,test_3121.jpg
0,0,0,1,0,test_3122.jpg
0,0,0,0,1,test_3123.jpg
0,1,0,0,0,test_3124.jpg
0,0,0,1,0,test_3125.jpg
0,1,0,0,0,test_3126.jpg
0,1,0,0,0,test_3127.jpg
0,1,0,0,0,test_3128.jpg
0,0,0,0,1,test_3129.jpg
0,0,0,0,1,test_313.jpg
0,1,0,0,0,test_3130.jpg
0,0,0,1,0,test_3131.jpg
0,1,0,0,0,test_3132.jpg
0,1,0,0,0,test_3133.jpg
0,1,0,0,0,test_3134.jpg
0,0,1,0,0,test_3135.jpg
0,0,0,1,0,test_3136.jpg
0,0,1,0,0,test_3137.jpg
0,0,0,0,1,test_3138.jpg
0,1,0,0,0,test_3139.jpg
0,0,0,0,1,test_314.jpg
0,1,0,0,0,test_3140.jpg
0,0,0,0,1,test_3141.jpg
0,0,1,0,0,test_3142.jpg
0,0,0,1,0,test_3143.jpg
0,0,0,1,0,test_3144.jpg
0,1,0,0,0,test_3145.jpg
0,0,0,0,1,test_3146.jpg
0,0,0,0,1,test_3147.jpg
0,1,0,0,0,test_3148.jpg
0,0,0,1,0,test_3149.jpg
0,0,0,0,1,test_315.jpg
0,0,0,0,1,test_3150.jpg
0,1,0,0,0,test_3151.jpg
0,1,0,0,0,test_3152.jpg
0,1,0,0,0,test_3153.jpg
0,0,0,0,1,test_3154.jpg
0,0,0,0,1,test_3155.jpg
0,0,0,0,1,test_3156.jpg
0,0,1,0,0,test_3157.jpg
0,0,0,0,1,test_3158.jpg
0,0,0,0,1,test_3159.jpg
0,0,0,0,1,test_316.jpg
0,0,1,0,0,test_3160.jpg
0,1,0,0,0,test_3161.jpg
0,0,0,1,0,test_3162.jpg
0,0,0,0,1,test_3163.jpg
0,0,0,0,1,test_3164.jpg
0,0,1,0,0,test_3165.jpg
0,1,0,0,0,test_3166.jpg
0,1,0,0,0,test_3167.jpg
0,0,0,1,0,test_3168.jpg
0,0,1,0,0,test_3169.jpg
0,0,0,0,1,test_317.jpg
0,0,0,0,1,test_3170.jpg
0,1,0,0,0,test_3171.jpg
0,0,0,0,1,test_3172.jpg
0,0,0,1,0,test_3173.jpg
0,0,0,1,0,test_3174.jpg
0,1,0,0,0,test_3175.jpg
0,1,0,0,0,test_3176.jpg
0,0,1,0,0,test_3177.jpg
0,0,1,0,0,test_3178.jpg
0,0,0,0,1,test_3179.jpg
0,0,0,0,1,test_318.jpg
0,0,1,0,0,test_3180.jpg
0,0,0,0,1,test_3181.jpg
0,0,0,0,1,test_3182.jpg
0,0,0,1,0,test_3183.jpg
0,0,1,0,0,test_3184.jpg
0,0,0,1,0,test_3185.jpg
0,0,0,0,1,test_3186.jpg
0,0,1,0,0,test_3187.jpg
1,0,0,0,0,test_3188.jpg
0,0,0,1,0,test_3189.jpg
0,1,0,0,0,test_319.jpg
0,0,0,0,1,test_3190.jpg
0,1,0,0,0,test_3191.jpg
0,0,0,0,1,test_3192.jpg
0,1,0,0,0,test_3193.jpg
0,0,0,0,1,test_3194.jpg
0,0,0,0,1,test_3195.jpg
1,0,0,0,0,test_3196.jpg
0,1,0,0,0,test_3197.jpg
0,0,0,1,0,test_3198.jpg
0,1,0,0,0,test_3199.jpg
0,0,0,0,1,test_32.jpg
0,0,1,0,0,test_320.jpg
0,0,1,0,0,test_3200.jpg
0,1,0,0,0,test_3201.jpg
0,0,0,0,1,test_3202.jpg
0,0,0,0,1,test_3203.jpg
0,0,0,1,0,test_3204.jpg
0,0,1,0,0,test_3205.jpg
0,1,0,0,0,test_3206.jpg
0,0,1,0,0,test_3207.jpg
0,0,0,0,1,test_3208.jpg
0,1,0,0,0,test_3209.jpg
0,1,0,0,0,test_321.jpg
0,0,0,0,1,test_3210.jpg
0,0,0,0,1,test_3211.jpg
0,0,1,0,0,test_3212.jpg
0,1,0,0,0,test_3213.jpg
0,0,0,0,1,test_3214.jpg
0,1,0,0,0,test_3215.jpg
0,0,0,0,1,test_3216.jpg
0,0,1,0,0,test_3217.jpg
0,0,1,0,0,test_3218.jpg
0,0,1,0,0,test_3219.jpg
0,0,0,0,1,test_322.jpg
0,1,0,0,0,test_3220.jpg
0,0,0,0,1,test_3221.jpg
0,1,0,0,0,test_3222.jpg
0,1,0,0,0,test_3223.jpg
0,0,0,0,1,test_3224.jpg
0,0,0,0,1,test_3225.jpg
0,0,1,0,0,test_3226.jpg
0,1,0,0,0,test_3227.jpg
0,0,0,0,1,test_3228.jpg
0,1,0,0,0,test_3229.jpg
0,0,1,0,0,test_323.jpg
0,0,0,0,1,test_3230.jpg
0,0,0,0,1,test_3231.jpg
0,0,0,1,0,test_3232.jpg
0,0,0,0,1,test_3233.jpg
0,0,0,0,1,test_3234.jpg
0,1,0,0,0,test_3235.jpg
1,0,0,0,0,test_3236.jpg
0,1,0,0,0,test_3237.jpg
0,0,0,0,1,test_3238.jpg
0,0,0,0,1,test_3239.jpg
0,0,0,0,1,test_324.jpg
0,1,0,0,0,test_3240.jpg
0,0,0,0,1,test_3241.jpg
0,1,0,0,0,test_3242.jpg
0,0,0,0,1,test_3243.jpg
0,0,0,1,0,test_3244.jpg
0,1,0,0,0,test_3245.jpg
0,1,0,0,0,test_3246.jpg
0,1,0,0,0,test_3247.jpg
0,0,0,1,0,test_3248.jpg
0,0,0,0,1,test_3249.jpg
0,1,0,0,0,test_325.jpg
0,0,1,0,0,test_3250.jpg
0,0,0,0,1,test_3251.jpg
0,1,0,0,0,test_3252.jpg
0,1,0,0,0,test_3253.jpg
0,1,0,0,0,test_3254.jpg
0,0,0,0,1,test_3255.jpg
0,1,0,0,0,test_3256.jpg
0,1,0,0,0,test_3257.jpg
0,1,0,0,0,test_3258.jpg
0,1,0,0,0,test_3259.jpg
0,0,0,1,0,test_326.jpg
0,0,0,0,1,test_3260.jpg
0,0,1,0,0,test_3261.jpg
0,0,0,0,1,test_3262.jpg
0,1,0,0,0,test_3263.jpg
0,0,1,0,0,test_3264.jpg
0,0,0,0,1,test_3265.jpg
0,1,0,0,0,test_3266.jpg
0,0,0,0,1,test_3267.jpg
0,0,0,0,1,test_3268.jpg
1,0,0,0,0,test_3269.jpg
0,0,0,0,1,test_327.jpg
1,0,0,0,0,test_3270.jpg
0,1,0,0,0,test_3271.jpg
0,0,0,0,1,test_3272.jpg
0,1,0,0,0,test_3273.jpg
0,0,0,0,1,test_3274.jpg
0,1,0,0,0,test_3275.jpg
0,0,0,1,0,test_3276.jpg
0,1,0,0,0,test_3277.jpg
0,0,0,0,1,test_3278.jpg
0,0,1,0,0,test_3279.jpg
0,0,0,0,1,test_328.jpg
0,1,0,0,0,test_3280.jpg
0,1,0,0,0,test_3281.jpg
0,1,0,0,0,test_3282.jpg
0,1,0,0,0,test_3283.jpg
0,0,0,0,1,test_3284.jpg
0,1,0,0,0,test_3285.jpg
0,0,1,0,0,test_3286.jpg
0,0,0,0,1,test_3287.jpg
0,0,0,0,1,test_3288.jpg
0,1,0,0,0,test_3289.jpg
0,0,0,0,1,test_329.jpg
0,0,0,0,1,test_3290.jpg
0,0,0,1,0,test_3291.jpg
0,0,0,0,1,test_3292.jpg
0,0,0,0,1,test_3293.jpg
0,1,0,0,0,test_3294.jpg
1,0,0,0,0,test_3295.jpg
0,1,0,0,0,test_3296.jpg
0,0,1,0,0,test_3297.jpg
0,0,0,0,1,test_3298.jpg
0,0,0,0,1,test_3299.jpg
0,0,0,0,1,test_33.jpg
0,0,0,1,0,test_330.jpg
0,0,0,0,1,test_3300.jpg
0,1,0,0,0,test_3301.jpg
0,0,0,0,1,test_3302.jpg
0,0,0,1,0,test_3303.jpg
0,0,0,0,1,test_3304.jpg
0,0,0,0,1,test_3305.jpg
0,0,0,0,1,test_3306.jpg
0,1,0,0,0,test_3307.jpg
0,0,0,0,1,test_3308.jpg
0,1,0,0,0,test_3309.jpg
0,0,0,0,1,test_331.jpg
0,1,0,0,0,test_3310.jpg
1,0,0,0,0,test_3311.jpg
0,0,0,0,1,test_3312.jpg
0,0,0,1,0,test_3313.jpg
0,0,0,0,1,test_3314.jpg
0,0,0,0,1,test_3315.jpg
0,1,0,0,0,test_3316.jpg
1,0,0,0,0,test_3317.jpg
0,1,0,0,0,test_3318.jpg
0,1,0,0,0,test_3319.jpg
0,0,0,0,1,test_332.jpg
0,0,0,0,1,test_3320.jpg
0,0,0,0,1,test_3321.jpg
0,1,0,0,0,test_3322.jpg
0,1,0,0,0,test_3323.jpg
0,0,1,0,0,test_3324.jpg
0,0,0,0,1,test_3325.jpg
0,0,0,0,1,test_3326.jpg
0,0,0,0,1,test_3327.jpg
1,0,0,0,0,test_3328.jpg
0,0,0,1,0,test_3329.jpg
0,0,0,0,1,test_333.jpg
0,0,1,0,0,test_3330.jpg
0,0,0,1,0,test_3331.jpg
0,0,1,0,0,test_3332.jpg
0,1,0,0,0,test_3333.jpg
0,0,0,0,1,test_3334.jpg
0,0,0,0,1,test_3335.jpg
0,1,0,0,0,test_3336.jpg
0,0,0,0,1,test_3337.jpg
0,0,0,0,1,test_3338.jpg
1,0,0,0,0,test_3339.jpg
0,1,0,0,0,test_334.jpg
0,0,0,0,1,test_3340.jpg
0,1,0,0,0,test_3341.jpg
0,0,0,0,1,test_3342.jpg
0,0,0,0,1,test_3343.jpg
0,0,0,0,1,test_3344.jpg
0,1,0,0,0,test_3345.jpg
0,1,0,0,0,test_3346.jpg
0,0,0,1,0,test_3347.jpg
0,1,0,0,0,test_3348.jpg
0,1,0,0,0,test_3349.jpg
0,1,0,0,0,test_335.jpg
0,0,0,0,1,test_3350.jpg
0,1,0,0,0,test_3351.jpg
0,0,1,0,0,test_3352.jpg
0,0,1,0,0,test_3353.jpg
0,0,1,0,0,test_3354.jpg
0,0,0,0,1,test_3355.jpg
0,0,1,0,0,test_3356.jpg
0,0,0,0,1,test_3357.jpg
0,1,0,0,0,test_3358.jpg
0,1,0,0,0,test_3359.jpg
0,1,0,0,0,test_336.jpg
0,1,0,0,0,test_3360.jpg
0,0,1,0,0,test_3361.jpg
0,1,0,0,0,test_3362.jpg
0,0,0,0,1,test_3363.jpg
0,1,0,0,0,test_3364.jpg
0,0,0,0,1,test_3365.jpg
0,0,1,0,0,test_3366.jpg
0,1,0,0,0,test_3367.jpg
0,1,0,0,0,test_3368.jpg
0,1,0,0,0,test_3369.jpg
0,1,0,0,0,test_337.jpg
0,0,0,1,0,test_3370.jpg
0,0,0,0,1,test_3371.jpg
0,0,0,0,1,test_3372.jpg
0,0,0,1,0,test_3373.jpg
0,0,0,0,1,test_3374.jpg
0,0,0,1,0,test_3375.jpg
0,1,0,0,0,test_3376.jpg
0,0,0,0,1,test_3377.jpg
0,1,0,0,0,test_3378.jpg
0,0,0,0,1,test_3379.jpg
0,0,0,0,1,test_338.jpg
1,0,0,0,0,test_3380.jpg
0,0,0,1,0,test_3381.jpg
1,0,0,0,0,test_3382.jpg
0,0,0,0,1,test_3383.jpg
0,0,0,1,0,test_3384.jpg
0,1,0,0,0,test_3385.jpg
0,1,0,0,0,test_3386.jpg
0,0,0,0,1,test_3387.jpg
0,1,0,0,0,test_3388.jpg
0,0,0,1,0,test_3389.jpg
0,1,0,0,0,test_339.jpg
0,0,0,0,1,test_3390.jpg
0,1,0,0,0,test_3391.jpg
0,0,0,0,1,test_3392.jpg
0,0,0,0,1,test_3393.jpg
0,0,0,0,1,test_3394.jpg
0,1,0,0,0,test_3395.jpg
0,1,0,0,0,test_3396.jpg
0,1,0,0,0,test_3397.jpg
0,0,0,0,1,test_3398.jpg
0,0,0,0,1,test_3399.jpg
0,0,1,0,0,test_34.jpg
0,1,0,0,0,test_340.jpg
0,1,0,0,0,test_3400.jpg
0,0,0,0,1,test_3401.jpg
0,1,0,0,0,test_3402.jpg
0,1,0,0,0,test_3403.jpg
0,1,0,0,0,test_3404.jpg
1,0,0,0,0,test_3405.jpg
0,0,0,1,0,test_3406.jpg
0,1,0,0,0,test_3407.jpg
0,0,0,0,1,test_3408.jpg
1,0,0,0,0,test_3409.jpg
0,0,0,0,1,test_341.jpg
1,0,0,0,0,test_3410.jpg
0,0,0,0,1,test_3411.jpg
0,0,0,0,1,test_3412.jpg
0,1,0,0,0,test_3413.jpg
0,0,1,0,0,test_3414.jpg
0,1,0,0,0,test_3415.jpg
0,1,0,0,0,test_3416.jpg
0,0,1,0,0,test_3417.jpg
0,0,0,0,1,test_3418.jpg
0,0,0,0,1,test_3419.jpg
0,0,1,0,0,test_342.jpg
0,0,1,0,0,test_3420.jpg
0,1,0,0,0,test_3421.jpg
0,0,0,1,0,test_3422.jpg
0,0,0,0,1,test_3423.jpg
0,0,0,0,1,test_3424.jpg
0,0,0,0,1,test_3425.jpg
0,0,0,0,1,test_3426.jpg
0,0,0,0,1,test_3427.jpg
0,1,0,0,0,test_3428.jpg
0,0,0,0,1,test_3429.jpg
0,0,1,0,0,test_343.jpg
0,0,0,1,0,test_3430.jpg
0,0,0,0,1,test_3431.jpg
0,0,0,0,1,test_3432.jpg
0,1,0,0,0,test_3433.jpg
0,0,0,0,1,test_3434.jpg
0,1,0,0,0,test_3435.jpg
0,0,0,1,0,test_3436.jpg
0,1,0,0,0,test_3437.jpg
0,0,0,0,1,test_3438.jpg
0,0,0,0,1,test_3439.jpg
0,1,0,0,0,test_344.jpg
0,1,0,0,0,test_3440.jpg
0,0,0,1,0,test_3441.jpg
1,0,0,0,0,test_3442.jpg
0,0,1,0,0,test_3443.jpg
0,0,0,1,0,test_3444.jpg
0,1,0,0,0,test_3445.jpg
0,0,0,1,0,test_3446.jpg
0,1,0,0,0,test_3447.jpg
1,0,0,0,0,test_3448.jpg
0,0,0,1,0,test_3449.jpg
0,1,0,0,0,test_345.jpg
0,0,1,0,0,test_3450.jpg
0,1,0,0,0,test_3451.jpg
0,1,0,0,0,test_3452.jpg
0,1,0,0,0,test_3453.jpg
0,1,0,0,0,test_3454.jpg
0,0,0,0,1,test_3455.jpg
0,0,0,0,1,test_3456.jpg
0,0,1,0,0,test_3457.jpg
0,1,0,0,0,test_3458.jpg
0,0,0,0,1,test_3459.jpg
0,1,0,0,0,test_346.jpg
0,0,0,0,1,test_3460.jpg
0,1,0,0,0,test_3461.jpg
0,1,0,0,0,test_3462.jpg
0,1,0,0,0,test_3463.jpg
0,0,0,0,1,test_3464.jpg
1,0,0,0,0,test_3465.jpg
0,1,0,0,0,test_3466.jpg
0,0,1,0,0,test_3467.jpg
0,1,0,0,0,test_3468.jpg
0,0,0,0,1,test_3469.jpg
0,0,0,0,1,test_347.jpg
0,0,0,1,0,test_3470.jpg
0,1,0,0,0,test_3471.jpg
0,0,0,0,1,test_3472.jpg
0,0,0,1,0,test_3473.jpg
0,0,0,0,1,test_3474.jpg
0,1,0,0,0,test_3475.jpg
0,1,0,0,0,test_3476.jpg
0,0,0,0,1,test_3477.jpg
0,0,0,0,1,test_3478.jpg
0,0,1,0,0,test_3479.jpg
0,1,0,0,0,test_348.jpg
0,0,0,0,1,test_3480.jpg
0,1,0,0,0,test_3481.jpg
0,1,0,0,0,test_3482.jpg
0,0,0,0,1,test_3483.jpg
0,0,1,0,0,test_3484.jpg
0,0,0,0,1,test_3485.jpg
0,1,0,0,0,test_3486.jpg
0,0,0,1,0,test_3487.jpg
0,1,0,0,0,test_3488.jpg
0,0,0,0,1,test_3489.jpg
0,0,0,0,1,test_349.jpg
0,0,0,0,1,test_3490.jpg
0,0,0,1,0,test_3491.jpg
0,1,0,0,0,test_3492.jpg
0,0,1,0,0,test_3493.jpg
0,0,0,0,1,test_3494.jpg
0,1,0,0,0,test_3495.jpg
0,0,0,0,1,test_3496.jpg
0,1,0,0,0,test_3497.jpg
0,0,0,1,0,test_3498.jpg
0,0,0,0,1,test_3499.jpg
0,0,0,0,1,test_35.jpg
0,1,0,0,0,test_350.jpg
0,1,0,0,0,test_3500.jpg
0,1,0,0,0,test_3501.jpg
0,0,0,1,0,test_3502.jpg
0,0,1,0,0,test_3503.jpg
0,0,0,0,1,test_3504.jpg
0,0,0,0,1,test_3505.jpg
0,0,0,0,1,test_3506.jpg
0,0,0,0,1,test_3507.jpg
0,0,0,1,0,test_3508.jpg
0,0,0,1,0,test_3509.jpg
0,1,0,0,0,test_351.jpg
0,1,0,0,0,test_3510.jpg
1,0,0,0,0,test_3511.jpg
0,0,1,0,0,test_3512.jpg
0,1,0,0,0,test_3513.jpg
1,0,0,0,0,test_3514.jpg
0,0,0,1,0,test_3515.jpg
0,0,1,0,0,test_3516.jpg
0,0,0,1,0,test_3517.jpg
0,1,0,0,0,test_3518.jpg
0,0,0,1,0,test_3519.jpg
0,1,0,0,0,test_352.jpg
0,0,0,0,1,test_3520.jpg
0,0,1,0,0,test_3521.jpg
0,0,0,0,1,test_3522.jpg
0,0,0,1,0,test_3523.jpg
0,0,0,0,1,test_3524.jpg
0,0,0,0,1,test_3525.jpg
0,0,1,0,0,test_3526.jpg
0,0,0,0,1,test_3527.jpg
0,0,1,0,0,test_3528.jpg
0,0,1,0,0,test_3529.jpg
0,0,1,0,0,test_353.jpg
0,1,0,0,0,test_3530.jpg
0,1,0,0,0,test_3531.jpg
0,0,0,0,1,test_3532.jpg
0,0,0,0,1,test_3533.jpg
0,0,0,0,1,test_3534.jpg
0,0,0,1,0,test_3535.jpg
0,0,0,0,1,test_3536.jpg
0,0,0,1,0,test_3537.jpg
0,1,0,0,0,test_3538.jpg
1,0,0,0,0,test_3539.jpg
0,0,1,0,0,test_354.jpg
0,1,0,0,0,test_3540.jpg
0,1,0,0,0,test_3541.jpg
0,1,0,0,0,test_3542.jpg
0,0,0,0,1,test_3543.jpg
0,0,1,0,0,test_3544.jpg
0,0,0,1,0,test_3545.jpg
0,0,0,0,1,test_3546.jpg
0,1,0,0,0,test_3547.jpg
0,0,0,0,1,test_3548.jpg
0,0,0,0,1,test_3549.jpg
0,1,0,0,0,test_355.jpg
0,0,1,0,0,test_3550.jpg
0,0,1,0,0,test_3551.jpg
0,0,1,0,0,test_3552.jpg
0,1,0,0,0,test_3553.jpg
0,0,1,0,0,test_3554.jpg
0,0,0,0,1,test_3555.jpg
0,0,0,0,1,test_3556.jpg
1,0,0,0,0,test_3557.jpg
0,0,1,0,0,test_3558.jpg
1,0,0,0,0,test_3559.jpg
0,0,1,0,0,test_356.jpg
0,1,0,0,0,test_3560.jpg
0,0,0,0,1,test_3561.jpg
0,0,0,0,1,test_3562.jpg
0,0,1,0,0,test_3563.jpg
0,0,0,0,1,test_3564.jpg
0,0,1,0,0,test_3565.jpg
1,0,0,0,0,test_3566.jpg
0,1,0,0,0,test_3567.jpg
0,0,0,1,0,test_3568.jpg
0,0,0,0,1,test_3569.jpg
0,1,0,0,0,test_357.jpg
0,0,0,1,0,test_3570.jpg
0,0,0,0,1,test_3571.jpg
0,1,0,0,0,test_3572.jpg
0,1,0,0,0,test_3573.jpg
0,1,0,0,0,test_3574.jpg
0,0,1,0,0,test_3575.jpg
0,0,0,0,1,test_3576.jpg
0,1,0,0,0,test_3577.jpg
0,0,0,0,1,test_3578.jpg
0,0,1,0,0,test_3579.jpg
0,0,0,0,1,test_358.jpg
0,0,0,0,1,test_3580.jpg
0,1,0,0,0,test_3581.jpg
1,0,0,0,0,test_3582.jpg
0,0,1,0,0,test_3583.jpg
0,0,0,0,1,test_3584.jpg
0,0,0,0,1,test_3585.jpg
0,0,0,0,1,test_3586.jpg
0,0,0,1,0,test_3587.jpg
0,1,0,0,0,test_3588.jpg
0,1,0,0,0,test_3589.jpg
0,0,1,0,0,test_359.jpg
0,0,1,0,0,test_3590.jpg
0,0,0,0,1,test_3591.jpg
0,1,0,0,0,test_3592.jpg
0,0,0,0,1,test_3593.jpg
0,0,0,0,1,test_3594.jpg
0,1,0,0,0,test_3595.jpg
0,0,0,0,1,test_3596.jpg
0,1,0,0,0,test_3597.jpg
0,1,0,0,0,test_3598.jpg
0,0,0,0,1,test_3599.jpg
0,0,0,0,1,test_36.jpg
0,1,0,0,0,test_360.jpg
0,1,0,0,0,test_3600.jpg
0,0,0,0,1,test_3601.jpg
0,0,0,0,1,test_3602.jpg
0,1,0,0,0,test_3603.jpg
0,0,0,0,1,test_3604.jpg
0,1,0,0,0,test_3605.jpg
0,1,0,0,0,test_3606.jpg
0,0,0,0,1,test_3607.jpg
0,1,0,0,0,test_3608.jpg
1,0,0,0,0,test_3609.jpg
0,1,0,0,0,test_361.jpg
0,1,0,0,0,test_3610.jpg
0,0,1,0,0,test_3611.jpg
0,0,0,0,1,test_3612.jpg
0,1,0,0,0,test_3613.jpg
0,0,0,0,1,test_3614.jpg
1,0,0,0,0,test_3615.jpg
0,1,0,0,0,test_3616.jpg
0,1,0,0,0,test_3617.jpg
0,0,0,0,1,test_3618.jpg
0,1,0,0,0,test_3619.jpg
0,1,0,0,0,test_362.jpg
0,0,1,0,0,test_3620.jpg
0,0,0,0,1,test_3621.jpg
0,0,0,0,1,test_3622.jpg
0,0,1,0,0,test_3623.jpg
0,1,0,0,0,test_3624.jpg
0,0,1,0,0,test_3625.jpg
0,1,0,0,0,test_3626.jpg
0,0,1,0,0,test_3627.jpg
0,1,0,0,0,test_3628.jpg
0,1,0,0,0,test_3629.jpg
0,0,0,0,1,test_363.jpg
0,1,0,0,0,test_3630.jpg
0,0,0,1,0,test_3631.jpg
0,0,0,0,1,test_3632.jpg
0,1,0,0,0,test_3633.jpg
0,0,1,0,0,test_3634.jpg
0,0,1,0,0,test_3635.jpg
0,0,0,0,1,test_3636.jpg
0,0,1,0,0,test_3637.jpg
0,0,0,0,1,test_3638.jpg
0,0,0,0,1,test_3639.jpg
0,0,0,0,1,test_364.jpg
0,0,1,0,0,test_3640.jpg
0,0,0,0,1,test_3641.jpg
0,1,0,0,0,test_3642.jpg
0,0,0,0,1,test_3643.jpg
0,1,0,0,0,test_3644.jpg
0,0,0,0,1,test_3645.jpg
0,0,1,0,0,test_3646.jpg
0,0,0,1,0,test_3647.jpg
0,1,0,0,0,test_3648.jpg
0,0,0,1,0,test_3649.jpg
0,0,0,0,1,test_365.jpg
0,1,0,0,0,test_3650.jpg
0,0,0,0,1,test_3651.jpg
0,0,0,0,1,test_3652.jpg
0,0,0,0,1,test_3653.jpg
1,0,0,0,0,test_3654.jpg
0,0,0,0,1,test_3655.jpg
0,0,0,0,1,test_3656.jpg
0,1,0,0,0,test_3657.jpg
0,0,0,0,1,test_3658.jpg
0,0,0,0,1,test_3659.jpg
0,0,1,0,0,test_366.jpg
0,0,1,0,0,test_3660.jpg
0,1,0,0,0,test_3661.jpg
0,0,1,0,0,test_3662.jpg
0,0,0,0,1,test_3663.jpg
0,0,0,0,1,test_3664.jpg
0,1,0,0,0,test_3665.jpg
0,0,0,0,1,test_3666.jpg
0,0,0,0,1,test_3667.jpg
0,0,1,0,0,test_3668.jpg
0,0,0,0,1,test_3669.jpg
0,0,1,0,0,test_367.jpg
0,0,1,0,0,test_3670.jpg
0,0,0,0,1,test_3671.jpg
0,1,0,0,0,test_3672.jpg
0,0,0,0,1,test_3673.jpg
0,0,1,0,0,test_3674.jpg
0,1,0,0,0,test_3675.jpg
0,0,0,0,1,test_3676.jpg
0,1,0,0,0,test_3677.jpg
1,0,0,0,0,test_3678.jpg
0,1,0,0,0,test_3679.jpg
0,0,0,0,1,test_368.jpg
0,0,0,1,0,test_3680.jpg
0,0,1,0,0,test_3681.jpg
0,1,0,0,0,test_3682.jpg
0,0,0,0,1,test_3683.jpg
0,1,0,0,0,test_3684.jpg
0,0,0,0,1,test_3685.jpg
0,0,0,1,0,test_3686.jpg
0,0,1,0,0,test_3687.jpg
0,0,0,0,1,test_3688.jpg
0,1,0,0,0,test_3689.jpg
0,1,0,0,0,test_369.jpg
0,1,0,0,0,test_3690.jpg
0,0,1,0,0,test_3691.jpg
0,0,0,0,1,test_3692.jpg
0,0,0,1,0,test_3693.jpg
0,1,0,0,0,test_3694.jpg
0,1,0,0,0,test_3695.jpg
0,0,1,0,0,test_3696.jpg
0,0,1,0,0,test_3697.jpg
0,0,1,0,0,test_3698.jpg
0,1,0,0,0,test_3699.jpg
0,1,0,0,0,test_37.jpg
0,0,1,0,0,test_370.jpg
0,0,0,0,1,test_3700.jpg
0,0,0,0,1,test_3701.jpg
0,1,0,0,0,test_3702.jpg
0,0,0,0,1,test_3703.jpg
0,1,0,0,0,test_3704.jpg
0,0,0,0,1,test_3705.jpg
0,0,0,0,1,test_3706.jpg
0,0,0,0,1,test_3707.jpg
0,0,0,0,1,test_3708.jpg
0,0,1,0,0,test_3709.jpg
0,1,0,0,0,test_371.jpg
0,0,1,0,0,test_3710.jpg
0,0,0,0,1,test_3711.jpg
0,0,1,0,0,test_3712.jpg
0,1,0,0,0,test_3713.jpg
0,0,0,0,1,test_3714.jpg
0,0,0,0,1,test_3715.jpg
0,0,0,0,1,test_3716.jpg
0,1,0,0,0,test_3717.jpg
0,1,0,0,0,test_3718.jpg
0,0,0,1,0,test_3719.jpg
0,1,0,0,0,test_372.jpg
0,1,0,0,0,test_3720.jpg
0,0,0,0,1,test_3721.jpg
0,1,0,0,0,test_3722.jpg
0,0,0,0,1,test_3723.jpg
0,1,0,0,0,test_3724.jpg
0,0,0,0,1,test_3725.jpg
0,1,0,0,0,test_3726.jpg
0,0,0,0,1,test_3727.jpg
0,0,0,0,1,test_3728.jpg
0,1,0,0,0,test_373.jpg
0,0,1,0,0,test_374.jpg
0,0,0,1,0,test_375.jpg
0,0,0,0,1,test_376.jpg
0,1,0,0,0,test_377.jpg
0,1,0,0,0,test_378.jpg
0,0,0,0,1,test_379.jpg
0,0,0,0,1,test_38.jpg
0,0,0,0,1,test_380.jpg
0,0,0,0,1,test_381.jpg
0,0,0,0,1,test_382.jpg
0,0,1,0,0,test_383.jpg
0,0,0,1,0,test_384.jpg
0,0,0,1,0,test_385.jpg
0,1,0,0,0,test_386.jpg
0,0,0,0,1,test_387.jpg
1,0,0,0,0,test_388.jpg
0,0,1,0,0,test_389.jpg
0,1,0,0,0,test_39.jpg
0,0,0,1,0,test_390.jpg
0,1,0,0,0,test_391.jpg
0,0,1,0,0,test_392.jpg
0,1,0,0,0,test_393.jpg
0,0,0,0,1,test_394.jpg
0,1,0,0,0,test_395.jpg
0,1,0,0,0,test_396.jpg
0,1,0,0,0,test_397.jpg
0,1,0,0,0,test_398.jpg
0,0,0,0,1,test_399.jpg
0,1,0,0,0,test_4.jpg
0,1,0,0,0,test_40.jpg
0,0,1,0,0,test_400.jpg
0,0,0,0,1,test_401.jpg
0,0,0,1,0,test_402.jpg
0,0,0,0,1,test_403.jpg
0,0,0,0,1,test_404.jpg
0,0,1,0,0,test_405.jpg
1,0,0,0,0,test_406.jpg
0,0,1,0,0,test_407.jpg
0,0,0,0,1,test_408.jpg
0,0,0,0,1,test_409.jpg
0,1,0,0,0,test_41.jpg
0,1,0,0,0,test_410.jpg
0,0,0,0,1,test_411.jpg
0,0,0,0,1,test_412.jpg
0,0,0,0,1,test_413.jpg
0,0,0,0,1,test_414.jpg
0,0,0,1,0,test_415.jpg
0,0,1,0,0,test_416.jpg
0,1,0,0,0,test_417.jpg
0,0,0,0,1,test_418.jpg
0,0,0,0,1,test_419.jpg
0,1,0,0,0,test_42.jpg
0,0,0,0,1,test_420.jpg
0,0,1,0,0,test_421.jpg
0,0,0,1,0,test_422.jpg
0,1,0,0,0,test_423.jpg
0,0,0,0,1,test_424.jpg
0,0,0,0,1,test_425.jpg
0,0,1,0,0,test_426.jpg
0,0,1,0,0,test_427.jpg
0,1,0,0,0,test_428.jpg
0,0,0,0,1,test_429.jpg
0,0,0,0,1,test_43.jpg
0,0,0,0,1,test_430.jpg
0,1,0,0,0,test_431.jpg
0,1,0,0,0,test_432.jpg
0,1,0,0,0,test_433.jpg
0,0,0,0,1,test_434.jpg
0,1,0,0,0,test_435.jpg
0,0,0,0,1,test_436.jpg
0,0,0,0,1,test_437.jpg
0,0,0,1,0,test_438.jpg
0,1,0,0,0,test_439.jpg
0,1,0,0,0,test_44.jpg
0,1,0,0,0,test_440.jpg
0,0,0,1,0,test_441.jpg
0,1,0,0,0,test_442.jpg
0,1,0,0,0,test_443.jpg
0,0,0,0,1,test_444.jpg
0,0,0,1,0,test_445.jpg
0,0,0,0,1,test_446.jpg
0,1,0,0,0,test_447.jpg
0,1,0,0,0,test_448.jpg
0,0,0,1,0,test_449.jpg
0,1,0,0,0,test_45.jpg
0,1,0,0,0,test_450.jpg
0,1,0,0,0,test_451.jpg
1,0,0,0,0,test_452.jpg
0,1,0,0,0,test_453.jpg
0,1,0,0,0,test_454.jpg
0,0,0,1,0,test_455.jpg
0,1,0,0,0,test_456.jpg
0,0,0,0,1,test_457.jpg
0,0,0,1,0,test_458.jpg
1,0,0,0,0,test_459.jpg
0,0,0,0,1,test_46.jpg
0,0,0,0,1,test_460.jpg
0,0,0,0,1,test_461.jpg
0,1,0,0,0,test_462.jpg
0,1,0,0,0,test_463.jpg
0,0,0,0,1,test_464.jpg
0,1,0,0,0,test_465.jpg
0,0,0,0,1,test_466.jpg
0,1,0,0,0,test_467.jpg
0,0,0,0,1,test_468.jpg
0,0,0,0,1,test_469.jpg
0,0,0,0,1,test_47.jpg
0,1,0,0,0,test_470.jpg
1,0,0,0,0,test_471.jpg
0,0,0,0,1,test_472.jpg
0,0,0,0,1,test_473.jpg
1,0,0,0,0,test_474.jpg
0,0,0,0,1,test_475.jpg
0,0,1,0,0,test_476.jpg
0,1,0,0,0,test_477.jpg
0,0,0,0,1,test_478.jpg
0,0,0,0,1,test_479.jpg
0,0,0,1,0,test_48.jpg
0,0,0,1,0,test_480.jpg
0,0,0,0,1,test_481.jpg
0,0,0,0,1,test_482.jpg
0,0,0,0,1,test_483.jpg
0,1,0,0,0,test_484.jpg
0,0,0,0,1,test_485.jpg
0,0,0,0,1,test_486.jpg
0,1,0,0,0,test_487.jpg
0,1,0,0,0,test_488.jpg
0,1,0,0,0,test_489.jpg
0,1,0,0,0,test_49.jpg
1,0,0,0,0,test_490.jpg
0,1,0,0,0,test_491.jpg
0,1,0,0,0,test_492.jpg
0,0,0,0,1,test_493.jpg
0,0,0,0,1,test_494.jpg
0,1,0,0,0,test_495.jpg
0,0,0,0,1,test_496.jpg
0,1,0,0,0,test_497.jpg
0,1,0,0,0,test_498.jpg
0,1,0,0,0,test_499.jpg
0,0,0,0,1,test_5.jpg
0,1,0,0,0,test_50.jpg
0,1,0,0,0,test_500.jpg
0,0,0,0,1,test_501.jpg
0,0,1,0,0,test_502.jpg
0,1,0,0,0,test_503.jpg
0,0,1,0,0,test_504.jpg
0,0,0,0,1,test_505.jpg
1,0,0,0,0,test_506.jpg
0,1,0,0,0,test_507.jpg
0,1,0,0,0,test_508.jpg
0,0,0,0,1,test_509.jpg
0,1,0,0,0,test_51.jpg
0,0,1,0,0,test_510.jpg
0,0,1,0,0,test_511.jpg
0,1,0,0,0,test_512.jpg
0,1,0,0,0,test_513.jpg
0,0,1,0,0,test_514.jpg
0,1,0,0,0,test_515.jpg
0,0,0,1,0,test_516.jpg
0,0,0,0,1,test_517.jpg
0,0,0,0,1,test_518.jpg
0,0,0,1,0,test_519.jpg
0,0,0,0,1,test_52.jpg
0,0,0,0,1,test_520.jpg
0,0,0,1,0,test_521.jpg
0,0,0,0,1,test_522.jpg
0,0,0,0,1,test_523.jpg
0,0,0,0,1,test_524.jpg
0,1,0,0,0,test_525.jpg
0,1,0,0,0,test_526.jpg
0,0,0,0,1,test_527.jpg
0,0,0,0,1,test_528.jpg
0,0,0,0,1,test_529.jpg
0,0,0,0,1,test_53.jpg
0,0,0,0,1,test_530.jpg
0,1,0,0,0,test_531.jpg
0,0,0,0,1,test_532.jpg
0,0,0,1,0,test_533.jpg
0,0,0,0,1,test_534.jpg
0,0,0,0,1,test_535.jpg
0,0,0,1,0,test_536.jpg
0,0,0,0,1,test_537.jpg
0,0,0,0,1,test_538.jpg
0,1,0,0,0,test_539.jpg
0,1,0,0,0,test_54.jpg
0,1,0,0,0,test_540.jpg
0,0,0,1,0,test_541.jpg
0,0,0,0,1,test_542.jpg
0,1,0,0,0,test_543.jpg
0,0,0,1,0,test_544.jpg
0,0,0,0,1,test_545.jpg
0,0,0,0,1,test_546.jpg
0,1,0,0,0,test_547.jpg
0,0,1,0,0,test_548.jpg
0,0,0,0,1,test_549.jpg
0,0,0,0,1,test_55.jpg
0,0,0,1,0,test_550.jpg
0,0,0,0,1,test_551.jpg
0,0,0,0,1,test_552.jpg
0,1,0,0,0,test_553.jpg
0,1,0,0,0,test_554.jpg
0,1,0,0,0,test_555.jpg
0,0,0,0,1,test_556.jpg
0,1,0,0,0,test_557.jpg
0,0,0,0,1,test_558.jpg
0,1,0,0,0,test_559.jpg
0,0,1,0,0,test_56.jpg
0,0,0,0,1,test_560.jpg
0,0,0,0,1,test_561.jpg
0,1,0,0,0,test_562.jpg
0,1,0,0,0,test_563.jpg
0,0,0,0,1,test_564.jpg
0,0,1,0,0,test_565.jpg
0,0,0,0,1,test_566.jpg
0,1,0,0,0,test_567.jpg
0,0,0,0,1,test_568.jpg
0,0,0,0,1,test_569.jpg
0,0,0,0,1,test_57.jpg
0,1,0,0,0,test_570.jpg
0,0,0,0,1,test_571.jpg
0,1,0,0,0,test_572.jpg
0,0,0,0,1,test_573.jpg
0,0,0,0,1,test_574.jpg
0,0,0,0,1,test_575.jpg
0,0,0,0,1,test_576.jpg
0,0,0,1,0,test_577.jpg
0,0,0,0,1,test_578.jpg
0,0,0,0,1,test_579.jpg
0,0,0,0,1,test_58.jpg
0,0,0,1,0,test_580.jpg
0,0,0,0,1,test_581.jpg
0,0,0,1,0,test_582.jpg
0,1,0,0,0,test_583.jpg
0,1,0,0,0,test_584.jpg
0,0,0,0,1,test_585.jpg
0,1,0,0,0,test_586.jpg
0,0,0,0,1,test_587.jpg
0,0,0,0,1,test_588.jpg
0,1,0,0,0,test_589.jpg
0,0,0,0,1,test_59.jpg
0,1,0,0,0,test_590.jpg
0,0,0,1,0,test_591.jpg
0,0,1,0,0,test_592.jpg
0,0,0,0,1,test_593.jpg
0,1,0,0,0,test_594.jpg
0,0,0,0,1,test_595.jpg
0,0,1,0,0,test_596.jpg
0,0,0,1,0,test_597.jpg
0,1,0,0,0,test_598.jpg
0,1,0,0,0,test_599.jpg
0,0,0,0,1,test_6.jpg
0,0,0,0,1,test_60.jpg
0,0,0,0,1,test_600.jpg
0,0,1,0,0,test_601.jpg
0,0,0,0,1,test_602.jpg
0,0,0,0,1,test_603.jpg
0,0,1,0,0,test_604.jpg
0,1,0,0,0,test_605.jpg
0,0,0,0,1,test_606.jpg
0,0,0,0,1,test_607.jpg
0,1,0,0,0,test_608.jpg
0,0,1,0,0,test_609.jpg
0,1,0,0,0,test_61.jpg
0,1,0,0,0,test_610.jpg
0,0,0,0,1,test_611.jpg
0,1,0,0,0,test_612.jpg
0,0,0,1,0,test_613.jpg
0,1,0,0,0,test_614.jpg
0,0,0,0,1,test_615.jpg
0,0,0,0,1,test_616.jpg
0,1,0,0,0,test_617.jpg
0,0,0,0,1,test_618.jpg
0,0,0,0,1,test_619.jpg
0,0,0,0,1,test_62.jpg
0,0,0,0,1,test_620.jpg
0,0,0,0,1,test_621.jpg
0,0,0,0,1,test_622.jpg
0,0,0,0,1,test_623.jpg
0,0,0,0,1,test_624.jpg
0,0,0,1,0,test_625.jpg
0,1,0,0,0,test_626.jpg
0,0,0,1,0,test_627.jpg
0,0,1,0,0,test_628.jpg
0,1,0,0,0,test_629.jpg
0,0,0,0,1,test_63.jpg
0,0,1,0,0,test_630.jpg
0,1,0,0,0,test_631.jpg
0,0,1,0,0,test_632.jpg
0,0,0,0,1,test_633.jpg
0,0,0,0,1,test_634.jpg
0,1,0,0,0,test_635.jpg
0,1,0,0,0,test_636.jpg
0,0,0,0,1,test_637.jpg
0,0,1,0,0,test_638.jpg
0,0,0,0,1,test_639.jpg
0,0,0,1,0,test_64.jpg
0,0,0,0,1,test_640.jpg
0,0,1,0,0,test_641.jpg
0,1,0,0,0,test_642.jpg
1,0,0,0,0,test_643.jpg
1,0,0,0,0,test_644.jpg
0,1,0,0,0,test_645.jpg
0,1,0,0,0,test_646.jpg
0,0,1,0,0,test_647.jpg
0,0,1,0,0,test_648.jpg
0,0,0,1,0,test_649.jpg
0,1,0,0,0,test_65.jpg
0,1,0,0,0,test_650.jpg
0,1,0,0,0,test_651.jpg
1,0,0,0,0,test_652.jpg
0,1,0,0,0,test_653.jpg
0,0,0,0,1,test_654.jpg
0,1,0,0,0,test_655.jpg
0,0,0,0,1,test_656.jpg
0,0,0,0,1,test_657.jpg
0,0,0,0,1,test_658.jpg
0,0,0,0,1,test_659.jpg
0,0,0,0,1,test_66.jpg
0,0,1,0,0,test_660.jpg
0,0,0,1,0,test_661.jpg
0,0,1,0,0,test_662.jpg
0,0,0,1,0,test_663.jpg
0,0,0,0,1,test_664.jpg
0,1,0,0,0,test_665.jpg
0,0,0,0,1,test_666.jpg
0,1,0,0,0,test_667.jpg
0,0,0,0,1,test_668.jpg
0,0,0,1,0,test_669.jpg
0,1,0,0,0,test_67.jpg
0,0,0,1,0,test_670.jpg
0,0,0,0,1,test_671.jpg
0,0,0,1,0,test_672.jpg
0,1,0,0,0,test_673.jpg
0,0,0,0,1,test_674.jpg
0,0,0,1,0,test_675.jpg
0,0,0,0,1,test_676.jpg
0,1,0,0,0,test_677.jpg
0,0,0,0,1,test_678.jpg
0,1,0,0,0,test_679.jpg
0,0,0,0,1,test_68.jpg
0,1,0,0,0,test_680.jpg
0,1,0,0,0,test_681.jpg
0,0,0,1,0,test_682.jpg
0,1,0,0,0,test_683.jpg
0,0,0,0,1,test_684.jpg
0,0,0,0,1,test_685.jpg
0,1,0,0,0,test_686.jpg
0,0,0,0,1,test_687.jpg
0,1,0,0,0,test_688.jpg
0,0,1,0,0,test_689.jpg
0,0,0,0,1,test_69.jpg
0,0,0,0,1,test_690.jpg
0,1,0,0,0,test_691.jpg
0,1,0,0,0,test_692.jpg
0,1,0,0,0,test_693.jpg
0,1,0,0,0,test_694.jpg
0,1,0,0,0,test_695.jpg
0,0,1,0,0,test_696.jpg
0,0,0,0,1,test_697.jpg
0,1,0,0,0,test_698.jpg
0,1,0,0,0,test_699.jpg
0,0,1,0,0,test_7.jpg
0,0,0,0,1,test_70.jpg
0,1,0,0,0,test_700.jpg
0,0,0,0,1,test_701.jpg
0,1,0,0,0,test_702.jpg
0,1,0,0,0,test_703.jpg
0,0,1,0,0,test_704.jpg
0,1,0,0,0,test_705.jpg
0,0,1,0,0,test_706.jpg
0,1,0,0,0,test_707.jpg
0,0,0,0,1,test_708.jpg
0,1,0,0,0,test_709.jpg
0,1,0,0,0,test_71.jpg
0,0,0,0,1,test_710.jpg
0,0,0,1,0,test_711.jpg
0,0,0,0,1,test_712.jpg
0,1,0,0,0,test_713.jpg
0,0,0,0,1,test_714.jpg
1,0,0,0,0,test_715.jpg
0,1,0,0,0,test_716.jpg
0,0,0,0,1,test_717.jpg
0,1,0,0,0,test_718.jpg
1,0,0,0,0,test_719.jpg
0,1,0,0,0,test_72.jpg
0,1,0,0,0,test_720.jpg
0,0,0,1,0,test_721.jpg
0,1,0,0,0,test_722.jpg
0,1,0,0,0,test_723.jpg
0,1,0,0,0,test_724.jpg
0,0,1,0,0,test_725.jpg
0,0,0,0,1,test_726.jpg
0,0,1,0,0,test_727.jpg
0,0,0,0,1,test_728.jpg
0,0,0,0,1,test_729.jpg
0,0,0,0,1,test_73.jpg
0,0,0,0,1,test_730.jpg
0,1,0,0,0,test_731.jpg
0,1,0,0,0,test_732.jpg
0,0,0,0,1,test_733.jpg
0,0,0,0,1,test_734.jpg
0,0,1,0,0,test_735.jpg
0,0,0,0,1,test_736.jpg
0,0,0,0,1,test_737.jpg
0,1,0,0,0,test_738.jpg
0,0,1,0,0,test_739.jpg
0,0,0,0,1,test_74.jpg
0,0,1,0,0,test_740.jpg
0,0,0,0,1,test_741.jpg
0,0,0,1,0,test_742.jpg
0,0,0,0,1,test_743.jpg
0,0,0,0,1,test_744.jpg
0,1,0,0,0,test_745.jpg
0,0,0,0,1,test_746.jpg
0,0,0,1,0,test_747.jpg
0,0,0,0,1,test_748.jpg
0,0,0,0,1,test_749.jpg
0,0,0,0,1,test_75.jpg
0,1,0,0,0,test_750.jpg
0,0,1,0,0,test_751.jpg
0,0,0,0,1,test_752.jpg
0,1,0,0,0,test_753.jpg
0,1,0,0,0,test_754.jpg
0,0,0,1,0,test_755.jpg
0,0,0,0,1,test_756.jpg
0,0,0,0,1,test_757.jpg
0,0,0,1,0,test_758.jpg
0,0,0,1,0,test_759.jpg
0,0,0,0,1,test_76.jpg
0,0,0,0,1,test_760.jpg
0,0,0,0,1,test_761.jpg
0,0,0,0,1,test_762.jpg
0,0,0,0,1,test_763.jpg
0,0,0,0,1,test_764.jpg
0,0,0,0,1,test_765.jpg
1,0,0,0,0,test_766.jpg
0,0,0,0,1,test_767.jpg
1,0,0,0,0,test_768.jpg
0,0,0,0,1,test_769.jpg
0,0,0,0,1,test_77.jpg
0,0,0,0,1,test_770.jpg
0,0,0,0,1,test_771.jpg
1,0,0,0,0,test_772.jpg
0,0,0,0,1,test_773.jpg
0,1,0,0,0,test_774.jpg
0,0,1,0,0,test_775.jpg
0,1,0,0,0,test_776.jpg
1,0,0,0,0,test_777.jpg
0,1,0,0,0,test_778.jpg
0,1,0,0,0,test_779.jpg
0,0,0,1,0,test_78.jpg
0,0,0,0,1,test_780.jpg
0,1,0,0,0,test_781.jpg
0,0,0,1,0,test_782.jpg
1,0,0,0,0,test_783.jpg
0,0,0,1,0,test_784.jpg
0,1,0,0,0,test_785.jpg
0,0,0,0,1,test_786.jpg
0,1,0,0,0,test_787.jpg
0,1,0,0,0,test_788.jpg
0,0,1,0,0,test_789.jpg
0,0,1,0,0,test_79.jpg
0,1,0,0,0,test_790.jpg
0,0,0,0,1,test_791.jpg
0,0,1,0,0,test_792.jpg
0,1,0,0,0,test_793.jpg
1,0,0,0,0,test_794.jpg
0,0,0,0,1,test_795.jpg
0,1,0,0,0,test_796.jpg
0,1,0,0,0,test_797.jpg
0,0,0,0,1,test_798.jpg
0,0,0,1,0,test_799.jpg
0,0,1,0,0,test_8.jpg
0,0,1,0,0,test_80.jpg
0,1,0,0,0,test_800.jpg
0,1,0,0,0,test_801.jpg
0,1,0,0,0,test_802.jpg
0,0,1,0,0,test_803.jpg
0,1,0,0,0,test_804.jpg
0,1,0,0,0,test_805.jpg
0,0,0,0,1,test_806.jpg
0,1,0,0,0,test_807.jpg
0,0,1,0,0,test_808.jpg
0,0,0,0,1,test_809.jpg
0,1,0,0,0,test_81.jpg
0,0,0,0,1,test_810.jpg
0,0,0,1,0,test_811.jpg
0,1,0,0,0,test_812.jpg
0,0,0,1,0,test_813.jpg
0,0,0,0,1,test_814.jpg
0,0,0,0,1,test_815.jpg
0,0,0,0,1,test_816.jpg
0,1,0,0,0,test_817.jpg
1,0,0,0,0,test_818.jpg
0,1,0,0,0,test_819.jpg
0,0,0,0,1,test_82.jpg
1,0,0,0,0,test_820.jpg
0,0,0,0,1,test_821.jpg
0,0,0,0,1,test_822.jpg
0,1,0,0,0,test_823.jpg
0,0,0,1,0,test_824.jpg
0,0,1,0,0,test_825.jpg
0,1,0,0,0,test_826.jpg
0,0,0,0,1,test_827.jpg
0,0,0,0,1,test_828.jpg
0,1,0,0,0,test_829.jpg
0,0,0,0,1,test_83.jpg
0,1,0,0,0,test_830.jpg
0,1,0,0,0,test_831.jpg
0,0,0,0,1,test_832.jpg
0,1,0,0,0,test_833.jpg
0,1,0,0,0,test_834.jpg
0,1,0,0,0,test_835.jpg
0,1,0,0,0,test_836.jpg
1,0,0,0,0,test_837.jpg
0,1,0,0,0,test_838.jpg
0,0,0,1,0,test_839.jpg
0,0,0,0,1,test_84.jpg
0,1,0,0,0,test_840.jpg
0,1,0,0,0,test_841.jpg
0,0,0,1,0,test_842.jpg
0,0,1,0,0,test_843.jpg
0,0,0,0,1,test_844.jpg
0,1,0,0,0,test_845.jpg
0,1,0,0,0,test_846.jpg
0,0,1,0,0,test_847.jpg
0,0,0,0,1,test_848.jpg
0,1,0,0,0,test_849.jpg
0,1,0,0,0,test_85.jpg
0,1,0,0,0,test_850.jpg
0,0,0,0,1,test_851.jpg
0,0,0,0,1,test_852.jpg
1,0,0,0,0,test_853.jpg
0,0,1,0,0,test_854.jpg
0,1,0,0,0,test_855.jpg
0,0,0,1,0,test_856.jpg
0,0,0,1,0,test_857.jpg
0,1,0,0,0,test_858.jpg
0,0,0,0,1,test_859.jpg
0,0,1,0,0,test_86.jpg
0,0,0,0,1,test_860.jpg
0,0,0,0,1,test_861.jpg
0,1,0,0,0,test_862.jpg
0,0,1,0,0,test_863.jpg
0,0,0,0,1,test_864.jpg
0,0,0,1,0,test_865.jpg
0,0,0,0,1,test_866.jpg
0,0,0,1,0,test_867.jpg
0,0,1,0,0,test_868.jpg
0,1,0,0,0,test_869.jpg
0,1,0,0,0,test_87.jpg
0,0,1,0,0,test_870.jpg
0,0,0,0,1,test_871.jpg
0,0,0,0,1,test_872.jpg
0,0,1,0,0,test_873.jpg
0,1,0,0,0,test_874.jpg
0,0,0,0,1,test_875.jpg
0,0,1,0,0,test_876.jpg
0,0,0,1,0,test_877.jpg
0,0,0,0,1,test_878.jpg
0,0,0,0,1,test_879.jpg
0,0,0,0,1,test_88.jpg
0,0,0,1,0,test_880.jpg
0,0,1,0,0,test_881.jpg
0,1,0,0,0,test_882.jpg
0,1,0,0,0,test_883.jpg
0,1,0,0,0,test_884.jpg
0,0,0,0,1,test_885.jpg
0,0,0,0,1,test_886.jpg
0,0,1,0,0,test_887.jpg
0,0,0,0,1,test_888.jpg
0,0,0,0,1,test_889.jpg
0,0,0,0,1,test_89.jpg
0,1,0,0,0,test_890.jpg
0,0,0,0,1,test_891.jpg
0,0,1,0,0,test_892.jpg
0,0,0,0,1,test_893.jpg
0,0,0,0,1,test_894.jpg
0,1,0,0,0,test_895.jpg
0,0,1,0,0,test_896.jpg
0,1,0,0,0,test_897.jpg
0,1,0,0,0,test_898.jpg
0,1,0,0,0,test_899.jpg
0,1,0,0,0,test_9.jpg
0,1,0,0,0,test_90.jpg
0,0,0,0,1,test_900.jpg
0,0,1,0,0,test_901.jpg
0,1,0,0,0,test_902.jpg
0,0,0,1,0,test_903.jpg
0,1,0,0,0,test_904.jpg
0,1,0,0,0,test_905.jpg
0,0,1,0,0,test_906.jpg
0,1,0,0,0,test_907.jpg
0,0,0,1,0,test_908.jpg
0,0,0,0,1,test_909.jpg
0,0,1,0,0,test_91.jpg
0,1,0,0,0,test_910.jpg
0,0,1,0,0,test_911.jpg
0,0,0,0,1,test_912.jpg
0,0,1,0,0,test_913.jpg
0,0,0,0,1,test_914.jpg
0,1,0,0,0,test_915.jpg
0,1,0,0,0,test_916.jpg
0,0,1,0,0,test_917.jpg
0,1,0,0,0,test_918.jpg
0,1,0,0,0,test_919.jpg
0,0,1,0,0,test_92.jpg
0,1,0,0,0,test_920.jpg
0,0,0,1,0,test_921.jpg
0,0,0,0,1,test_922.jpg
0,1,0,0,0,test_923.jpg
0,0,0,0,1,test_924.jpg
0,0,0,0,1,test_925.jpg
0,1,0,0,0,test_926.jpg
0,1,0,0,0,test_927.jpg
0,0,0,0,1,test_928.jpg
0,0,0,0,1,test_929.jpg
0,0,0,0,1,test_93.jpg
0,0,0,0,1,test_930.jpg
0,0,0,1,0,test_931.jpg
0,1,0,0,0,test_932.jpg
0,0,1,0,0,test_933.jpg
0,1,0,0,0,test_934.jpg
0,1,0,0,0,test_935.jpg
0,0,0,1,0,test_936.jpg
0,1,0,0,0,test_937.jpg
0,0,1,0,0,test_938.jpg
0,1,0,0,0,test_939.jpg
0,1,0,0,0,test_94.jpg
0,0,0,1,0,test_940.jpg
0,0,0,0,1,test_941.jpg
0,0,0,0,1,test_942.jpg
0,0,0,0,1,test_943.jpg
1,0,0,0,0,test_944.jpg
0,1,0,0,0,test_945.jpg
0,0,1,0,0,test_946.jpg
0,0,0,0,1,test_947.jpg
0,0,0,0,1,test_948.jpg
0,1,0,0,0,test_949.jpg
0,1,0,0,0,test_95.jpg
0,1,0,0,0,test_950.jpg
0,0,0,0,1,test_951.jpg
0,0,0,0,1,test_952.jpg
0,0,1,0,0,test_953.jpg
0,0,0,0,1,test_954.jpg
0,1,0,0,0,test_955.jpg
0,1,0,0,0,test_956.jpg
1,0,0,0,0,test_957.jpg
0,1,0,0,0,test_958.jpg
0,0,0,1,0,test_959.jpg
1,0,0,0,0,test_96.jpg
0,1,0,0,0,test_960.jpg
0,0,1,0,0,test_961.jpg
0,1,0,0,0,test_962.jpg
0,0,0,0,1,test_963.jpg
0,1,0,0,0,test_964.jpg
0,0,0,1,0,test_965.jpg
0,0,1,0,0,test_966.jpg
0,0,1,0,0,test_967.jpg
0,0,0,1,0,test_968.jpg
0,1,0,0,0,test_969.jpg
0,0,0,0,1,test_97.jpg
0,1,0,0,0,test_970.jpg
0,1,0,0,0,test_971.jpg
1,0,0,0,0,test_972.jpg
0,1,0,0,0,test_973.jpg
0,1,0,0,0,test_974.jpg
0,0,0,0,1,test_975.jpg
0,0,1,0,0,test_976.jpg
0,0,0,0,1,test_977.jpg
0,1,0,0,0,test_978.jpg
0,1,0,0,0,test_979.jpg
0,0,0,0,1,test_98.jpg
0,0,0,0,1,test_980.jpg
0,0,0,0,1,test_981.jpg
0,0,0,0,1,test_982.jpg
0,1,0,0,0,test_983.jpg
0,0,0,0,1,test_984.jpg
0,0,0,0,1,test_985.jpg
1,0,0,0,0,test_986.jpg
0,0,0,1,0,test_987.jpg
0,1,0,0,0,test_988.jpg
0,1,0,0,0,test_989.jpg
0,0,0,0,1,test_99.jpg
0,1,0,0,0,test_990.jpg
0,0,1,0,0,test_991.jpg
0,0,1,0,0,test_992.jpg
0,0,0,1,0,test_993.jpg
0,0,0,0,1,test_994.jpg
0,1,0,0,0,test_995.jpg
0,0,0,0,1,test_996.jpg
0,0,0,0,1,test_997.jpg
0,0,1,0,0,test_998.jpg
0,1,0,0,0,test_999.jpg
